The edge-connectivity of the topology is 2
Created #1 lis-rooted arborescence
Created #2 lis-rooted arborescence
Created #1 por-rooted arborescence
Created #2 por-rooted arborescence
Created #1 mad-rooted arborescence
Created #2 mad-rooted arborescence
Created #1 bil-rooted arborescence
Created #2 bil-rooted arborescence
Created #1 par-rooted arborescence
Created #2 par-rooted arborescence
Created #1 mar-rooted arborescence
Created #2 mar-rooted arborescence
Created #1 dub-rooted arborescence
Created #2 dub-rooted arborescence
Created #1 lon-rooted arborescence
Created #2 lon-rooted arborescence
Created #1 bru-rooted arborescence
Created #2 bru-rooted arborescence
Created #1 gen-rooted arborescence
Created #2 gen-rooted arborescence
Created #1 mil-rooted arborescence
Created #2 mil-rooted arborescence
Created #1 fra-rooted arborescence
Created #2 fra-rooted arborescence
Created #1 ams-rooted arborescence
Created #2 ams-rooted arborescence
Created #1 lux-rooted arborescence
Created #2 lux-rooted arborescence
Created #1 pra-rooted arborescence
Created #2 pra-rooted arborescence
Created #1 ham-rooted arborescence
Created #2 ham-rooted arborescence
Created #1 cop-rooted arborescence
Created #2 cop-rooted arborescence
Created #1 ber-rooted arborescence
Created #2 ber-rooted arborescence
Created #1 osl-rooted arborescence
Created #2 osl-rooted arborescence
Created #1 hel-rooted arborescence
Created #2 hel-rooted arborescence
Created #1 sto-rooted arborescence
Created #2 sto-rooted arborescence
Created #1 tal-rooted arborescence
Created #2 tal-rooted arborescence
Created #1 rig-rooted arborescence
Created #2 rig-rooted arborescence
Created #1 vil-rooted arborescence
Created #2 vil-rooted arborescence
Created #1 var-rooted arborescence
Created #2 var-rooted arborescence
Created #1 kie-rooted arborescence
Created #2 kie-rooted arborescence
Created #1 vie-rooted arborescence
Created #2 vie-rooted arborescence
Created #1 val-rooted arborescence
Created #2 val-rooted arborescence
Created #1 tir-rooted arborescence
Created #2 tir-rooted arborescence
Created #1 ath-rooted arborescence
Created #2 ath-rooted arborescence
Created #1 tel-rooted arborescence
Created #2 tel-rooted arborescence
Created #1 luj-rooted arborescence
Created #2 luj-rooted arborescence
Created #1 nic-rooted arborescence
Created #2 nic-rooted arborescence
Created #1 the-rooted arborescence
Created #2 the-rooted arborescence
Created #1 sko-rooted arborescence
Created #2 sko-rooted arborescence
Created #1 sof-rooted arborescence
Created #2 sof-rooted arborescence
Created #1 ist-rooted arborescence
Created #2 ist-rooted arborescence
Created #1 buc-rooted arborescence
Created #2 buc-rooted arborescence
Created #1 bel-rooted arborescence
Created #2 bel-rooted arborescence
Created #1 pod-rooted arborescence
Created #2 pod-rooted arborescence
Created #1 zag-rooted arborescence
Created #2 zag-rooted arborescence
Created #1 bud-rooted arborescence
Created #2 bud-rooted arborescence
Created #1 bra-rooted arborescence
Created #2 bra-rooted arborescence
Created #1 chi-rooted arborescence
Created #2 chi-rooted arborescence
Current Algorithm: Algorithm based on Dijkstra's

========================================
SIMULATION METRICS
========================================
1. Route Length (Hops): 6
2. Sum of Vertex Degrees: 33
3. Avg. Alternate Routes: 2.200
4. Stretch (Absolute): 0
5. Stretch (Ratio): 1.0
Backtracks Performed: 0
========================================

========================================
SIMULATION METRICS
========================================
1. Route Length (Hops): 7
2. Sum of Vertex Degrees: 35
3. Avg. Alternate Routes: 1.833
4. Stretch (Absolute): 0
5. Stretch (Ratio): 1.0
Backtracks Performed: 0
========================================

========================================
SIMULATION METRICS
========================================
1. Route Length (Hops): 6
2. Sum of Vertex Degrees: 20
3. Avg. Alternate Routes: 0.600
4. Stretch (Absolute): 0
5. Stretch (Ratio): 1.0
Backtracks Performed: 0
========================================

========================================
SIMULATION METRICS
========================================
1. Route Length (Hops): 7
2. Sum of Vertex Degrees: 23
3. Avg. Alternate Routes: 0.667
4. Stretch (Absolute): 0
5. Stretch (Ratio): 1.0
Backtracks Performed: 0
========================================

========================================
SIMULATION METRICS
========================================
1. Route Length (Hops): 4
2. Sum of Vertex Degrees: 22
3. Avg. Alternate Routes: 1.000
4. Stretch (Absolute): 0
5. Stretch (Ratio): 1.0
Backtracks Performed: 0
========================================

========================================
SIMULATION METRICS
========================================
1. Route Length (Hops): 6
2. Sum of Vertex Degrees: 25
3. Avg. Alternate Routes: 1.000
4. Stretch (Absolute): 0
5. Stretch (Ratio): 1.0
Backtracks Performed: 0
========================================

========================================
SIMULATION METRICS
========================================
1. Route Length (Hops): 3
2. Sum of Vertex Degrees: 20
3. Avg. Alternate Routes: 2.000
4. Stretch (Absolute): 0
5. Stretch (Ratio): 1.0
Backtracks Performed: 0
========================================

========================================
SIMULATION METRICS
========================================
1. Route Length (Hops): 4
2. Sum of Vertex Degrees: 24
3. Avg. Alternate Routes: 2.000
4. Stretch (Absolute): 0
5. Stretch (Ratio): 1.0
Backtracks Performed: 0
========================================

========================================
SIMULATION METRICS
========================================
1. Route Length (Hops): 6
2. Sum of Vertex Degrees: 24
3. Avg. Alternate Routes: 1.000
4. Stretch (Absolute): 0
5. Stretch (Ratio): 1.0
Backtracks Performed: 0
========================================

========================================
SIMULATION METRICS
========================================
1. Route Length (Hops): 10
2. Sum of Vertex Degrees: 33
3. Avg. Alternate Routes: 0.778
4. Stretch (Absolute): 1
5. Stretch (Ratio): 1.1111111111111112
Backtracks Performed: 17
========================================

========================================
SIMULATION METRICS
========================================
1. Route Length (Hops): 6
2. Sum of Vertex Degrees: 25
3. Avg. Alternate Routes: 1.000
4. Stretch (Absolute): 0
5. Stretch (Ratio): 1.0
Backtracks Performed: 0
========================================

========================================
SIMULATION METRICS
========================================
1. Route Length (Hops): 8
2. Sum of Vertex Degrees: 34
3. Avg. Alternate Routes: 1.000
4. Stretch (Absolute): 1
5. Stretch (Ratio): 1.1428571428571428
Backtracks Performed: 0
========================================

========================================
SIMULATION METRICS
========================================
1. Route Length (Hops): 4
2. Sum of Vertex Degrees: 14
3. Avg. Alternate Routes: 1.000
4. Stretch (Absolute): 0
5. Stretch (Ratio): 1.0
Backtracks Performed: 0
========================================

========================================
SIMULATION METRICS
========================================
1. Route Length (Hops): 7
2. Sum of Vertex Degrees: 30
3. Avg. Alternate Routes: 0.833
4. Stretch (Absolute): 0
5. Stretch (Ratio): 1.0
Backtracks Performed: 0
========================================

========================================
SIMULATION METRICS
========================================
1. Route Length (Hops): 8
2. Sum of Vertex Degrees: 24
3. Avg. Alternate Routes: 0.429
4. Stretch (Absolute): 0
5. Stretch (Ratio): 1.0
Backtracks Performed: 0
========================================

========================================
SIMULATION METRICS
========================================
1. Route Length (Hops): 10
2. Sum of Vertex Degrees: 31
3. Avg. Alternate Routes: 0.667
4. Stretch (Absolute): 1
5. Stretch (Ratio): 1.1111111111111112
Backtracks Performed: 1
========================================

========================================
SIMULATION METRICS
========================================
1. Route Length (Hops): 5
2. Sum of Vertex Degrees: 22
3. Avg. Alternate Routes: 1.750
4. Stretch (Absolute): 0
5. Stretch (Ratio): 1.0
Backtracks Performed: 0
========================================

========================================
SIMULATION METRICS
========================================
1. Route Length (Hops): 6
2. Sum of Vertex Degrees: 24
3. Avg. Alternate Routes: 1.000
4. Stretch (Absolute): 0
5. Stretch (Ratio): 1.0
Backtracks Performed: 0
========================================

========================================
SIMULATION METRICS
========================================
1. Route Length (Hops): 4
2. Sum of Vertex Degrees: 22
3. Avg. Alternate Routes: 2.000
4. Stretch (Absolute): 0
5. Stretch (Ratio): 1.0
Backtracks Performed: 0
========================================

========================================
SIMULATION METRICS
========================================
1. Route Length (Hops): 4
2. Sum of Vertex Degrees: 22
3. Avg. Alternate Routes: 2.000
4. Stretch (Absolute): 0
5. Stretch (Ratio): 1.0
Backtracks Performed: 0
========================================

========================================
SIMULATION METRICS
========================================
1. Route Length (Hops): 4
2. Sum of Vertex Degrees: 20
3. Avg. Alternate Routes: 1.333
4. Stretch (Absolute): 0
5. Stretch (Ratio): 1.0
Backtracks Performed: 0
========================================

========================================
SIMULATION METRICS
========================================
1. Route Length (Hops): 5
2. Sum of Vertex Degrees: 26
3. Avg. Alternate Routes: 1.750
4. Stretch (Absolute): 0
5. Stretch (Ratio): 1.0
Backtracks Performed: 0
========================================

========================================
SIMULATION METRICS
========================================
1. Route Length (Hops): 6
2. Sum of Vertex Degrees: 24
3. Avg. Alternate Routes: 0.600
4. Stretch (Absolute): 0
5. Stretch (Ratio): 1.0
Backtracks Performed: 0
========================================

========================================
SIMULATION METRICS
========================================
1. Route Length (Hops): 7
2. Sum of Vertex Degrees: 30
3. Avg. Alternate Routes: 1.000
4. Stretch (Absolute): 0
5. Stretch (Ratio): 1.0
Backtracks Performed: 2
========================================

========================================
SIMULATION METRICS
========================================
1. Route Length (Hops): 7
2. Sum of Vertex Degrees: 22
3. Avg. Alternate Routes: 0.500
4. Stretch (Absolute): 0
5. Stretch (Ratio): 1.0
Backtracks Performed: 0
========================================

========================================
SIMULATION METRICS
========================================
1. Route Length (Hops): 9
2. Sum of Vertex Degrees: 29
3. Avg. Alternate Routes: 0.750
4. Stretch (Absolute): 1
5. Stretch (Ratio): 1.125
Backtracks Performed: 2
========================================

========================================
SIMULATION METRICS
========================================
1. Route Length (Hops): 2
2. Sum of Vertex Degrees: 16
3. Avg. Alternate Routes: 2.000
4. Stretch (Absolute): 0
5. Stretch (Ratio): 1.0
Backtracks Performed: 0
========================================

========================================
SIMULATION METRICS
========================================
1. Route Length (Hops): 3
2. Sum of Vertex Degrees: 18
3. Avg. Alternate Routes: 1.000
4. Stretch (Absolute): 0
5. Stretch (Ratio): 1.0
Backtracks Performed: 0
========================================

========================================
SIMULATION METRICS
========================================
1. Route Length (Hops): 4
2. Sum of Vertex Degrees: 20
3. Avg. Alternate Routes: 1.000
4. Stretch (Absolute): 0
5. Stretch (Ratio): 1.0
Backtracks Performed: 0
========================================

========================================
SIMULATION METRICS
========================================
1. Route Length (Hops): 5
2. Sum of Vertex Degrees: 25
3. Avg. Alternate Routes: 1.500
4. Stretch (Absolute): 0
5. Stretch (Ratio): 1.0
Backtracks Performed: 0
========================================

========================================
SIMULATION METRICS
========================================
1. Route Length (Hops): 5
2. Sum of Vertex Degrees: 25
3. Avg. Alternate Routes: 1.000
4. Stretch (Absolute): 0
5. Stretch (Ratio): 1.0
Backtracks Performed: 0
========================================

========================================
SIMULATION METRICS
========================================
1. Route Length (Hops): 18
2. Sum of Vertex Degrees: 68
3. Avg. Alternate Routes: 0.059
4. Stretch (Absolute): 11
5. Stretch (Ratio): 2.5714285714285716
Backtracks Performed: 2
========================================

========================================
SIMULATION METRICS
========================================
1. Route Length (Hops): 7
2. Sum of Vertex Degrees: 27
3. Avg. Alternate Routes: 1.000
4. Stretch (Absolute): 0
5. Stretch (Ratio): 1.0
Backtracks Performed: 0
========================================

========================================
SIMULATION METRICS
========================================
1. Route Length (Hops): 8
2. Sum of Vertex Degrees: 35
3. Avg. Alternate Routes: 1.571
4. Stretch (Absolute): 0
5. Stretch (Ratio): 1.0
Backtracks Performed: 0
========================================

========================================
SIMULATION METRICS
========================================
1. Route Length (Hops): 4
2. Sum of Vertex Degrees: 13
3. Avg. Alternate Routes: 1.000
4. Stretch (Absolute): 0
5. Stretch (Ratio): 1.0
Backtracks Performed: 0
========================================

========================================
SIMULATION METRICS
========================================
1. Route Length (Hops): 5
2. Sum of Vertex Degrees: 18
3. Avg. Alternate Routes: 1.000
4. Stretch (Absolute): 0
5. Stretch (Ratio): 1.0
Backtracks Performed: 0
========================================

========================================
SIMULATION METRICS
========================================
1. Route Length (Hops): 2
2. Sum of Vertex Degrees: 10
3. Avg. Alternate Routes: 1.000
4. Stretch (Absolute): 0
5. Stretch (Ratio): 1.0
Backtracks Performed: 0
========================================

========================================
SIMULATION METRICS
========================================
1. Route Length (Hops): 4
2. Sum of Vertex Degrees: 21
3. Avg. Alternate Routes: 1.000
4. Stretch (Absolute): 0
5. Stretch (Ratio): 1.0
Backtracks Performed: 0
========================================

========================================
SIMULATION METRICS
========================================
1. Route Length (Hops): 4
2. Sum of Vertex Degrees: 22
3. Avg. Alternate Routes: 1.000
4. Stretch (Absolute): 0
5. Stretch (Ratio): 1.0
Backtracks Performed: 0
========================================

========================================
SIMULATION METRICS
========================================
1. Route Length (Hops): 5
2. Sum of Vertex Degrees: 25
3. Avg. Alternate Routes: 1.000
4. Stretch (Absolute): 0
5. Stretch (Ratio): 1.0
Backtracks Performed: 0
========================================

========================================
SIMULATION METRICS
========================================
1. Route Length (Hops): 3
2. Sum of Vertex Degrees: 16
3. Avg. Alternate Routes: 1.500
4. Stretch (Absolute): 0
5. Stretch (Ratio): 1.0
Backtracks Performed: 0
========================================

========================================
SIMULATION METRICS
========================================
1. Route Length (Hops): 5
2. Sum of Vertex Degrees: 21
3. Avg. Alternate Routes: 1.000
4. Stretch (Absolute): 0
5. Stretch (Ratio): 1.0
Backtracks Performed: 0
========================================

========================================
SIMULATION METRICS
========================================
1. Route Length (Hops): 3
2. Sum of Vertex Degrees: 17
3. Avg. Alternate Routes: 2.500
4. Stretch (Absolute): 0
5. Stretch (Ratio): 1.0
Backtracks Performed: 0
========================================

========================================
SIMULATION METRICS
========================================
1. Route Length (Hops): 4
2. Sum of Vertex Degrees: 19
3. Avg. Alternate Routes: 1.000
4. Stretch (Absolute): 0
5. Stretch (Ratio): 1.0
Backtracks Performed: 0
========================================

========================================
SIMULATION METRICS
========================================
1. Route Length (Hops): 2
2. Sum of Vertex Degrees: 13
3. Avg. Alternate Routes: 1.000
4. Stretch (Absolute): 0
5. Stretch (Ratio): 1.0
Backtracks Performed: 0
========================================

========================================
SIMULATION METRICS
========================================
1. Route Length (Hops): 6
2. Sum of Vertex Degrees: 24
3. Avg. Alternate Routes: 0.800
4. Stretch (Absolute): 1
5. Stretch (Ratio): 1.2
Backtracks Performed: 0
========================================

========================================
SIMULATION METRICS
========================================
1. Route Length (Hops): 4
2. Sum of Vertex Degrees: 17
3. Avg. Alternate Routes: 1.333
4. Stretch (Absolute): 0
5. Stretch (Ratio): 1.0
Backtracks Performed: 0
========================================

========================================
SIMULATION METRICS
========================================
1. Route Length (Hops): 7
2. Sum of Vertex Degrees: 33
3. Avg. Alternate Routes: 1.000
4. Stretch (Absolute): 1
5. Stretch (Ratio): 1.1666666666666667
Backtracks Performed: 0
========================================

========================================
SIMULATION METRICS
========================================
1. Route Length (Hops): 3
2. Sum of Vertex Degrees: 13
3. Avg. Alternate Routes: 1.000
4. Stretch (Absolute): 0
5. Stretch (Ratio): 1.0
Backtracks Performed: 0
========================================

========================================
SIMULATION METRICS
========================================
1. Route Length (Hops): 4
2. Sum of Vertex Degrees: 21
3. Avg. Alternate Routes: 1.000
4. Stretch (Absolute): 0
5. Stretch (Ratio): 1.0
Backtracks Performed: 0
========================================

========================================
SIMULATION METRICS
========================================
1. Route Length (Hops): 3
2. Sum of Vertex Degrees: 14
3. Avg. Alternate Routes: 1.000
4. Stretch (Absolute): 0
5. Stretch (Ratio): 1.0
Backtracks Performed: 0
========================================

========================================
SIMULATION METRICS
========================================
1. Route Length (Hops): 4
2. Sum of Vertex Degrees: 22
3. Avg. Alternate Routes: 1.000
4. Stretch (Absolute): 0
5. Stretch (Ratio): 1.0
Backtracks Performed: 0
========================================

========================================
SIMULATION METRICS
========================================
1. Route Length (Hops): 7
2. Sum of Vertex Degrees: 32
3. Avg. Alternate Routes: 1.000
4. Stretch (Absolute): 0
5. Stretch (Ratio): 1.0
Backtracks Performed: 0
========================================

========================================
SIMULATION METRICS
========================================
1. Route Length (Hops): 8
2. Sum of Vertex Degrees: 32
3. Avg. Alternate Routes: 0.857
4. Stretch (Absolute): 0
5. Stretch (Ratio): 1.0
Backtracks Performed: 0
========================================

========================================
SIMULATION METRICS
========================================
1. Route Length (Hops): 6
2. Sum of Vertex Degrees: 24
3. Avg. Alternate Routes: 0.800
4. Stretch (Absolute): 0
5. Stretch (Ratio): 1.0
Backtracks Performed: 0
========================================

========================================
SIMULATION METRICS
========================================
1. Route Length (Hops): 9
2. Sum of Vertex Degrees: 34
3. Avg. Alternate Routes: 0.875
4. Stretch (Absolute): 0
5. Stretch (Ratio): 1.0
Backtracks Performed: 1
========================================

========================================
SIMULATION METRICS
========================================
1. Route Length (Hops): 4
2. Sum of Vertex Degrees: 20
3. Avg. Alternate Routes: 1.000
4. Stretch (Absolute): 0
5. Stretch (Ratio): 1.0
Backtracks Performed: 0
========================================

========================================
SIMULATION METRICS
========================================
1. Route Length (Hops): 8
2. Sum of Vertex Degrees: 30
3. Avg. Alternate Routes: 0.714
4. Stretch (Absolute): 4
5. Stretch (Ratio): 2.0
Backtracks Performed: 0
========================================

========================================
SIMULATION METRICS
========================================
1. Route Length (Hops): 6
2. Sum of Vertex Degrees: 24
3. Avg. Alternate Routes: 0.800
4. Stretch (Absolute): 0
5. Stretch (Ratio): 1.0
Backtracks Performed: 0
========================================

========================================
SIMULATION METRICS
========================================
1. Route Length (Hops): 9
2. Sum of Vertex Degrees: 34
3. Avg. Alternate Routes: 0.875
4. Stretch (Absolute): 0
5. Stretch (Ratio): 1.0
Backtracks Performed: 0
========================================
Current Algorithm: MaxFlowRouting with lambda=0.2

========================================
SIMULATION METRICS
========================================
1. Route Length (Hops): 6
2. Sum of Vertex Degrees: 33
3. Avg. Alternate Routes: 2.200
4. Stretch (Absolute): 0
5. Stretch (Ratio): 1.0
Backtracks Performed: 0
========================================

========================================
SIMULATION METRICS
========================================
1. Route Length (Hops): 7
2. Sum of Vertex Degrees: 35
3. Avg. Alternate Routes: 1.833
4. Stretch (Absolute): 0
5. Stretch (Ratio): 1.0
Backtracks Performed: 0
========================================

========================================
SIMULATION METRICS
========================================
1. Route Length (Hops): 6
2. Sum of Vertex Degrees: 20
3. Avg. Alternate Routes: 0.600
4. Stretch (Absolute): 0
5. Stretch (Ratio): 1.0
Backtracks Performed: 0
========================================

========================================
SIMULATION METRICS
========================================
1. Route Length (Hops): 8
2. Sum of Vertex Degrees: 27
3. Avg. Alternate Routes: 0.857
4. Stretch (Absolute): 0
5. Stretch (Ratio): 1.0
Backtracks Performed: 2
========================================

========================================
SIMULATION METRICS
========================================
1. Route Length (Hops): 4
2. Sum of Vertex Degrees: 22
3. Avg. Alternate Routes: 1.000
4. Stretch (Absolute): 0
5. Stretch (Ratio): 1.0
Backtracks Performed: 0
========================================

========================================
SIMULATION METRICS
========================================
1. Route Length (Hops): 7
2. Sum of Vertex Degrees: 34
3. Avg. Alternate Routes: 1.000
4. Stretch (Absolute): 1
5. Stretch (Ratio): 1.1666666666666667
Backtracks Performed: 0
========================================

========================================
SIMULATION METRICS
========================================
1. Route Length (Hops): 3
2. Sum of Vertex Degrees: 20
3. Avg. Alternate Routes: 2.000
4. Stretch (Absolute): 0
5. Stretch (Ratio): 1.0
Backtracks Performed: 0
========================================

========================================
SIMULATION METRICS
========================================
1. Route Length (Hops): 5
2. Sum of Vertex Degrees: 28
3. Avg. Alternate Routes: 1.750
4. Stretch (Absolute): 0
5. Stretch (Ratio): 1.0
Backtracks Performed: 0
========================================

========================================
SIMULATION METRICS
========================================
1. Route Length (Hops): 6
2. Sum of Vertex Degrees: 24
3. Avg. Alternate Routes: 1.000
4. Stretch (Absolute): 0
5. Stretch (Ratio): 1.0
Backtracks Performed: 0
========================================

========================================
SIMULATION METRICS
========================================
1. Route Length (Hops): 6
2. Sum of Vertex Degrees: 22
3. Avg. Alternate Routes: 1.000
4. Stretch (Absolute): 0
5. Stretch (Ratio): 1.0
Backtracks Performed: 0
========================================

========================================
SIMULATION METRICS
========================================
1. Route Length (Hops): 6
2. Sum of Vertex Degrees: 25
3. Avg. Alternate Routes: 1.000
4. Stretch (Absolute): 0
5. Stretch (Ratio): 1.0
Backtracks Performed: 0
========================================

========================================
SIMULATION METRICS
========================================
1. Route Length (Hops): 8
2. Sum of Vertex Degrees: 34
3. Avg. Alternate Routes: 1.000
4. Stretch (Absolute): 1
5. Stretch (Ratio): 1.1428571428571428
Backtracks Performed: 0
========================================

========================================
SIMULATION METRICS
========================================
1. Route Length (Hops): 4
2. Sum of Vertex Degrees: 14
3. Avg. Alternate Routes: 1.000
4. Stretch (Absolute): 0
5. Stretch (Ratio): 1.0
Backtracks Performed: 0
========================================

========================================
SIMULATION METRICS
========================================
1. Route Length (Hops): 8
2. Sum of Vertex Degrees: 28
3. Avg. Alternate Routes: 0.857
4. Stretch (Absolute): 0
5. Stretch (Ratio): 1.0
Backtracks Performed: 0
========================================

========================================
SIMULATION METRICS
========================================
1. Route Length (Hops): 8
2. Sum of Vertex Degrees: 24
3. Avg. Alternate Routes: 0.429
4. Stretch (Absolute): 0
5. Stretch (Ratio): 1.0
Backtracks Performed: 0
========================================

========================================
SIMULATION METRICS
========================================
1. Route Length (Hops): 10
2. Sum of Vertex Degrees: 39
3. Avg. Alternate Routes: 0.778
4. Stretch (Absolute): 1
5. Stretch (Ratio): 1.1111111111111112
Backtracks Performed: 0
========================================

========================================
SIMULATION METRICS
========================================
1. Route Length (Hops): 5
2. Sum of Vertex Degrees: 22
3. Avg. Alternate Routes: 1.750
4. Stretch (Absolute): 0
5. Stretch (Ratio): 1.0
Backtracks Performed: 0
========================================

========================================
SIMULATION METRICS
========================================
1. Route Length (Hops): 9
2. Sum of Vertex Degrees: 36
3. Avg. Alternate Routes: 1.500
4. Stretch (Absolute): 4
5. Stretch (Ratio): 1.8
Backtracks Performed: 8
========================================

========================================
SIMULATION METRICS
========================================
1. Route Length (Hops): 4
2. Sum of Vertex Degrees: 22
3. Avg. Alternate Routes: 2.000
4. Stretch (Absolute): 0
5. Stretch (Ratio): 1.0
Backtracks Performed: 0
========================================

========================================
SIMULATION METRICS
========================================
1. Route Length (Hops): 5
2. Sum of Vertex Degrees: 26
3. Avg. Alternate Routes: 2.000
4. Stretch (Absolute): 0
5. Stretch (Ratio): 1.0
Backtracks Performed: 0
========================================

========================================
SIMULATION METRICS
========================================
1. Route Length (Hops): 4
2. Sum of Vertex Degrees: 20
3. Avg. Alternate Routes: 1.333
4. Stretch (Absolute): 0
5. Stretch (Ratio): 1.0
Backtracks Performed: 0
========================================

========================================
SIMULATION METRICS
========================================
1. Route Length (Hops): 6
2. Sum of Vertex Degrees: 26
3. Avg. Alternate Routes: 1.200
4. Stretch (Absolute): 2
5. Stretch (Ratio): 1.5
Backtracks Performed: 1
========================================

========================================
SIMULATION METRICS
========================================
1. Route Length (Hops): 6
2. Sum of Vertex Degrees: 24
3. Avg. Alternate Routes: 0.600
4. Stretch (Absolute): 0
5. Stretch (Ratio): 1.0
Backtracks Performed: 0
========================================

========================================
SIMULATION METRICS
========================================
1. Route Length (Hops): 7
2. Sum of Vertex Degrees: 32
3. Avg. Alternate Routes: 1.000
4. Stretch (Absolute): 0
5. Stretch (Ratio): 1.0
Backtracks Performed: 0
========================================

========================================
SIMULATION METRICS
========================================
1. Route Length (Hops): 7
2. Sum of Vertex Degrees: 22
3. Avg. Alternate Routes: 0.500
4. Stretch (Absolute): 0
5. Stretch (Ratio): 1.0
Backtracks Performed: 0
========================================

========================================
SIMULATION METRICS
========================================
1. Route Length (Hops): 9
2. Sum of Vertex Degrees: 29
3. Avg. Alternate Routes: 0.750
4. Stretch (Absolute): 1
5. Stretch (Ratio): 1.125
Backtracks Performed: 2
========================================

========================================
SIMULATION METRICS
========================================
1. Route Length (Hops): 2
2. Sum of Vertex Degrees: 16
3. Avg. Alternate Routes: 2.000
4. Stretch (Absolute): 0
5. Stretch (Ratio): 1.0
Backtracks Performed: 0
========================================

========================================
SIMULATION METRICS
========================================
1. Route Length (Hops): 3
2. Sum of Vertex Degrees: 18
3. Avg. Alternate Routes: 1.000
4. Stretch (Absolute): 0
5. Stretch (Ratio): 1.0
Backtracks Performed: 0
========================================

========================================
SIMULATION METRICS
========================================
1. Route Length (Hops): 4
2. Sum of Vertex Degrees: 20
3. Avg. Alternate Routes: 1.000
4. Stretch (Absolute): 0
5. Stretch (Ratio): 1.0
Backtracks Performed: 0
========================================

========================================
SIMULATION METRICS
========================================
1. Route Length (Hops): 5
2. Sum of Vertex Degrees: 25
3. Avg. Alternate Routes: 1.500
4. Stretch (Absolute): 0
5. Stretch (Ratio): 1.0
Backtracks Performed: 0
========================================

========================================
SIMULATION METRICS
========================================
1. Route Length (Hops): 5
2. Sum of Vertex Degrees: 25
3. Avg. Alternate Routes: 1.000
4. Stretch (Absolute): 0
5. Stretch (Ratio): 1.0
Backtracks Performed: 0
========================================

========================================
SIMULATION METRICS
========================================
1. Route Length (Hops): 7
2. Sum of Vertex Degrees: 30
3. Avg. Alternate Routes: 0.833
4. Stretch (Absolute): 1
5. Stretch (Ratio): 1.1666666666666667
Backtracks Performed: 0
========================================

========================================
SIMULATION METRICS
========================================
1. Route Length (Hops): 7
2. Sum of Vertex Degrees: 27
3. Avg. Alternate Routes: 1.000
4. Stretch (Absolute): 0
5. Stretch (Ratio): 1.0
Backtracks Performed: 0
========================================

========================================
SIMULATION METRICS
========================================
1. Route Length (Hops): 8
2. Sum of Vertex Degrees: 32
3. Avg. Alternate Routes: 1.286
4. Stretch (Absolute): 0
5. Stretch (Ratio): 1.0
Backtracks Performed: 0
========================================

========================================
SIMULATION METRICS
========================================
1. Route Length (Hops): 4
2. Sum of Vertex Degrees: 13
3. Avg. Alternate Routes: 1.000
4. Stretch (Absolute): 0
5. Stretch (Ratio): 1.0
Backtracks Performed: 0
========================================

========================================
SIMULATION METRICS
========================================
1. Route Length (Hops): 8
2. Sum of Vertex Degrees: 29
3. Avg. Alternate Routes: 0.143
4. Stretch (Absolute): 2
5. Stretch (Ratio): 1.3333333333333333
Backtracks Performed: 0
========================================

========================================
SIMULATION METRICS
========================================
1. Route Length (Hops): 2
2. Sum of Vertex Degrees: 10
3. Avg. Alternate Routes: 1.000
4. Stretch (Absolute): 0
5. Stretch (Ratio): 1.0
Backtracks Performed: 0
========================================

========================================
SIMULATION METRICS
========================================
1. Route Length (Hops): 3
2. Sum of Vertex Degrees: 15
3. Avg. Alternate Routes: 1.000
4. Stretch (Absolute): 0
5. Stretch (Ratio): 1.0
Backtracks Performed: 0
========================================

========================================
SIMULATION METRICS
========================================
1. Route Length (Hops): 4
2. Sum of Vertex Degrees: 22
3. Avg. Alternate Routes: 1.000
4. Stretch (Absolute): 0
5. Stretch (Ratio): 1.0
Backtracks Performed: 0
========================================

========================================
SIMULATION METRICS
========================================
1. Route Length (Hops): 5
2. Sum of Vertex Degrees: 25
3. Avg. Alternate Routes: 1.000
4. Stretch (Absolute): 0
5. Stretch (Ratio): 1.0
Backtracks Performed: 0
========================================

========================================
SIMULATION METRICS
========================================
1. Route Length (Hops): 3
2. Sum of Vertex Degrees: 16
3. Avg. Alternate Routes: 1.500
4. Stretch (Absolute): 0
5. Stretch (Ratio): 1.0
Backtracks Performed: 0
========================================

========================================
SIMULATION METRICS
========================================
1. Route Length (Hops): 12
2. Sum of Vertex Degrees: 49
3. Avg. Alternate Routes: 1.091
4. Stretch (Absolute): 7
5. Stretch (Ratio): 2.4
Backtracks Performed: 2
========================================

========================================
SIMULATION METRICS
========================================
1. Route Length (Hops): 3
2. Sum of Vertex Degrees: 17
3. Avg. Alternate Routes: 2.500
4. Stretch (Absolute): 0
5. Stretch (Ratio): 1.0
Backtracks Performed: 0
========================================

========================================
SIMULATION METRICS
========================================
1. Route Length (Hops): 4
2. Sum of Vertex Degrees: 22
3. Avg. Alternate Routes: 2.000
4. Stretch (Absolute): 0
5. Stretch (Ratio): 1.0
Backtracks Performed: 0
========================================

========================================
SIMULATION METRICS
========================================
1. Route Length (Hops): 2
2. Sum of Vertex Degrees: 13
3. Avg. Alternate Routes: 1.000
4. Stretch (Absolute): 0
5. Stretch (Ratio): 1.0
Backtracks Performed: 0
========================================

========================================
SIMULATION METRICS
========================================
1. Route Length (Hops): 4
2. Sum of Vertex Degrees: 21
3. Avg. Alternate Routes: 1.000
4. Stretch (Absolute): 0
5. Stretch (Ratio): 1.0
Backtracks Performed: 0
========================================

========================================
SIMULATION METRICS
========================================
1. Route Length (Hops): 4
2. Sum of Vertex Degrees: 17
3. Avg. Alternate Routes: 1.333
4. Stretch (Absolute): 0
5. Stretch (Ratio): 1.0
Backtracks Performed: 0
========================================

========================================
SIMULATION METRICS
========================================
1. Route Length (Hops): 5
2. Sum of Vertex Degrees: 21
3. Avg. Alternate Routes: 1.500
4. Stretch (Absolute): 0
5. Stretch (Ratio): 1.0
Backtracks Performed: 0
========================================

========================================
SIMULATION METRICS
========================================
1. Route Length (Hops): 3
2. Sum of Vertex Degrees: 13
3. Avg. Alternate Routes: 1.000
4. Stretch (Absolute): 0
5. Stretch (Ratio): 1.0
Backtracks Performed: 0
========================================

========================================
SIMULATION METRICS
========================================
1. Route Length (Hops): 5
2. Sum of Vertex Degrees: 18
3. Avg. Alternate Routes: 0.500
4. Stretch (Absolute): 0
5. Stretch (Ratio): 1.0
Backtracks Performed: 0
========================================

========================================
SIMULATION METRICS
========================================
1. Route Length (Hops): 3
2. Sum of Vertex Degrees: 14
3. Avg. Alternate Routes: 1.000
4. Stretch (Absolute): 0
5. Stretch (Ratio): 1.0
Backtracks Performed: 0
========================================

========================================
SIMULATION METRICS
========================================
1. Route Length (Hops): 4
2. Sum of Vertex Degrees: 20
3. Avg. Alternate Routes: 1.000
4. Stretch (Absolute): 0
5. Stretch (Ratio): 1.0
Backtracks Performed: 3
========================================

========================================
SIMULATION METRICS
========================================
1. Route Length (Hops): 7
2. Sum of Vertex Degrees: 32
3. Avg. Alternate Routes: 1.000
4. Stretch (Absolute): 0
5. Stretch (Ratio): 1.0
Backtracks Performed: 0
========================================

========================================
SIMULATION METRICS
========================================
1. Route Length (Hops): 8
2. Sum of Vertex Degrees: 35
3. Avg. Alternate Routes: 1.000
4. Stretch (Absolute): 1
5. Stretch (Ratio): 1.1428571428571428
Backtracks Performed: 0
========================================

========================================
SIMULATION METRICS
========================================
1. Route Length (Hops): 6
2. Sum of Vertex Degrees: 24
3. Avg. Alternate Routes: 0.800
4. Stretch (Absolute): 0
5. Stretch (Ratio): 1.0
Backtracks Performed: 0
========================================

========================================
SIMULATION METRICS
========================================
1. Route Length (Hops): 7
2. Sum of Vertex Degrees: 30
3. Avg. Alternate Routes: 0.833
4. Stretch (Absolute): 0
5. Stretch (Ratio): 1.0
Backtracks Performed: 0
========================================

========================================
SIMULATION METRICS
========================================
1. Route Length (Hops): 4
2. Sum of Vertex Degrees: 20
3. Avg. Alternate Routes: 1.000
4. Stretch (Absolute): 0
5. Stretch (Ratio): 1.0
Backtracks Performed: 0
========================================

========================================
SIMULATION METRICS
========================================
1. Route Length (Hops): 8
2. Sum of Vertex Degrees: 30
3. Avg. Alternate Routes: 0.714
4. Stretch (Absolute): 4
5. Stretch (Ratio): 2.0
Backtracks Performed: 0
========================================

========================================
SIMULATION METRICS
========================================
1. Route Length (Hops): 6
2. Sum of Vertex Degrees: 24
3. Avg. Alternate Routes: 0.800
4. Stretch (Absolute): 0
5. Stretch (Ratio): 1.0
Backtracks Performed: 0
========================================

========================================
SIMULATION METRICS
========================================
1. Route Length (Hops): 10
2. Sum of Vertex Degrees: 38
3. Avg. Alternate Routes: 0.889
4. Stretch (Absolute): 2
5. Stretch (Ratio): 1.25
Backtracks Performed: 0
========================================
Current Algorithm: MaxFlowRouting with lambda=0.5

========================================
SIMULATION METRICS
========================================
1. Route Length (Hops): 6
2. Sum of Vertex Degrees: 33
3. Avg. Alternate Routes: 2.200
4. Stretch (Absolute): 0
5. Stretch (Ratio): 1.0
Backtracks Performed: 0
========================================

========================================
SIMULATION METRICS
========================================
1. Route Length (Hops): 9
2. Sum of Vertex Degrees: 44
3. Avg. Alternate Routes: 1.875
4. Stretch (Absolute): 3
5. Stretch (Ratio): 1.5
Backtracks Performed: 0
========================================

========================================
SIMULATION METRICS
========================================
1. Route Length (Hops): 6
2. Sum of Vertex Degrees: 20
3. Avg. Alternate Routes: 0.600
4. Stretch (Absolute): 0
5. Stretch (Ratio): 1.0
Backtracks Performed: 0
========================================

========================================
SIMULATION METRICS
========================================
1. Route Length (Hops): 8
2. Sum of Vertex Degrees: 27
3. Avg. Alternate Routes: 0.857
4. Stretch (Absolute): 0
5. Stretch (Ratio): 1.0
Backtracks Performed: 2
========================================

========================================
SIMULATION METRICS
========================================
1. Route Length (Hops): 4
2. Sum of Vertex Degrees: 22
3. Avg. Alternate Routes: 1.000
4. Stretch (Absolute): 0
5. Stretch (Ratio): 1.0
Backtracks Performed: 0
========================================

========================================
SIMULATION METRICS
========================================
1. Route Length (Hops): 5
2. Sum of Vertex Degrees: 26
3. Avg. Alternate Routes: 1.000
4. Stretch (Absolute): 0
5. Stretch (Ratio): 1.0
Backtracks Performed: 0
========================================

========================================
SIMULATION METRICS
========================================
1. Route Length (Hops): 3
2. Sum of Vertex Degrees: 20
3. Avg. Alternate Routes: 2.000
4. Stretch (Absolute): 0
5. Stretch (Ratio): 1.0
Backtracks Performed: 0
========================================

========================================
SIMULATION METRICS
========================================
1. Route Length (Hops): 5
2. Sum of Vertex Degrees: 28
3. Avg. Alternate Routes: 1.750
4. Stretch (Absolute): 0
5. Stretch (Ratio): 1.0
Backtracks Performed: 0
========================================

========================================
SIMULATION METRICS
========================================
1. Route Length (Hops): 6
2. Sum of Vertex Degrees: 24
3. Avg. Alternate Routes: 1.000
4. Stretch (Absolute): 0
5. Stretch (Ratio): 1.0
Backtracks Performed: 0
========================================

========================================
SIMULATION METRICS
========================================
1. Route Length (Hops): 7
2. Sum of Vertex Degrees: 31
3. Avg. Alternate Routes: 1.000
4. Stretch (Absolute): 1
5. Stretch (Ratio): 1.1666666666666667
Backtracks Performed: 0
========================================

========================================
SIMULATION METRICS
========================================
1. Route Length (Hops): 6
2. Sum of Vertex Degrees: 25
3. Avg. Alternate Routes: 1.000
4. Stretch (Absolute): 0
5. Stretch (Ratio): 1.0
Backtracks Performed: 0
========================================

========================================
SIMULATION METRICS
========================================
1. Route Length (Hops): 8
2. Sum of Vertex Degrees: 34
3. Avg. Alternate Routes: 1.000
4. Stretch (Absolute): 1
5. Stretch (Ratio): 1.1428571428571428
Backtracks Performed: 0
========================================

========================================
SIMULATION METRICS
========================================
1. Route Length (Hops): 4
2. Sum of Vertex Degrees: 14
3. Avg. Alternate Routes: 1.000
4. Stretch (Absolute): 0
5. Stretch (Ratio): 1.0
Backtracks Performed: 0
========================================

========================================
SIMULATION METRICS
========================================
1. Route Length (Hops): 7
2. Sum of Vertex Degrees: 30
3. Avg. Alternate Routes: 0.833
4. Stretch (Absolute): 0
5. Stretch (Ratio): 1.0
Backtracks Performed: 0
========================================

========================================
SIMULATION METRICS
========================================
1. Route Length (Hops): 8
2. Sum of Vertex Degrees: 24
3. Avg. Alternate Routes: 0.429
4. Stretch (Absolute): 0
5. Stretch (Ratio): 1.0
Backtracks Performed: 0
========================================

========================================
SIMULATION METRICS
========================================
1. Route Length (Hops): 10
2. Sum of Vertex Degrees: 39
3. Avg. Alternate Routes: 0.778
4. Stretch (Absolute): 1
5. Stretch (Ratio): 1.1111111111111112
Backtracks Performed: 0
========================================

========================================
SIMULATION METRICS
========================================
1. Route Length (Hops): 5
2. Sum of Vertex Degrees: 22
3. Avg. Alternate Routes: 1.750
4. Stretch (Absolute): 0
5. Stretch (Ratio): 1.0
Backtracks Performed: 0
========================================

========================================
SIMULATION METRICS
========================================
1. Route Length (Hops): 6
2. Sum of Vertex Degrees: 30
3. Avg. Alternate Routes: 1.800
4. Stretch (Absolute): 1
5. Stretch (Ratio): 1.2
Backtracks Performed: 0
========================================

========================================
SIMULATION METRICS
========================================
1. Route Length (Hops): 5
2. Sum of Vertex Degrees: 30
3. Avg. Alternate Routes: 2.500
4. Stretch (Absolute): 1
5. Stretch (Ratio): 1.25
Backtracks Performed: 0
========================================

========================================
SIMULATION METRICS
========================================
1. Route Length (Hops): 4
2. Sum of Vertex Degrees: 22
3. Avg. Alternate Routes: 2.000
4. Stretch (Absolute): 0
5. Stretch (Ratio): 1.0
Backtracks Performed: 0
========================================

========================================
SIMULATION METRICS
========================================
1. Route Length (Hops): 4
2. Sum of Vertex Degrees: 20
3. Avg. Alternate Routes: 1.333
4. Stretch (Absolute): 0
5. Stretch (Ratio): 1.0
Backtracks Performed: 0
========================================

========================================
SIMULATION METRICS
========================================
1. Route Length (Hops): 7
2. Sum of Vertex Degrees: 34
3. Avg. Alternate Routes: 1.333
4. Stretch (Absolute): 3
5. Stretch (Ratio): 1.75
Backtracks Performed: 0
========================================

========================================
SIMULATION METRICS
========================================
1. Route Length (Hops): 6
2. Sum of Vertex Degrees: 24
3. Avg. Alternate Routes: 0.600
4. Stretch (Absolute): 0
5. Stretch (Ratio): 1.0
Backtracks Performed: 0
========================================

========================================
SIMULATION METRICS
========================================
1. Route Length (Hops): 7
2. Sum of Vertex Degrees: 30
3. Avg. Alternate Routes: 1.000
4. Stretch (Absolute): 0
5. Stretch (Ratio): 1.0
Backtracks Performed: 0
========================================

========================================
SIMULATION METRICS
========================================
1. Route Length (Hops): 7
2. Sum of Vertex Degrees: 22
3. Avg. Alternate Routes: 0.500
4. Stretch (Absolute): 0
5. Stretch (Ratio): 1.0
Backtracks Performed: 0
========================================

========================================
SIMULATION METRICS
========================================
1. Route Length (Hops): 9
2. Sum of Vertex Degrees: 37
3. Avg. Alternate Routes: 0.875
4. Stretch (Absolute): 1
5. Stretch (Ratio): 1.125
Backtracks Performed: 0
========================================

========================================
SIMULATION METRICS
========================================
1. Route Length (Hops): 2
2. Sum of Vertex Degrees: 16
3. Avg. Alternate Routes: 2.000
4. Stretch (Absolute): 0
5. Stretch (Ratio): 1.0
Backtracks Performed: 0
========================================

========================================
SIMULATION METRICS
========================================
1. Route Length (Hops): 3
2. Sum of Vertex Degrees: 22
3. Avg. Alternate Routes: 3.000
4. Stretch (Absolute): 0
5. Stretch (Ratio): 1.0
Backtracks Performed: 0
========================================

========================================
SIMULATION METRICS
========================================
1. Route Length (Hops): 5
2. Sum of Vertex Degrees: 25
3. Avg. Alternate Routes: 1.500
4. Stretch (Absolute): 1
5. Stretch (Ratio): 1.25
Backtracks Performed: 0
========================================

========================================
SIMULATION METRICS
========================================
1. Route Length (Hops): 6
2. Sum of Vertex Degrees: 28
3. Avg. Alternate Routes: 1.200
4. Stretch (Absolute): 0
5. Stretch (Ratio): 1.0
Backtracks Performed: 0
========================================

========================================
SIMULATION METRICS
========================================
1. Route Length (Hops): 5
2. Sum of Vertex Degrees: 25
3. Avg. Alternate Routes: 1.000
4. Stretch (Absolute): 0
5. Stretch (Ratio): 1.0
Backtracks Performed: 0
========================================

========================================
SIMULATION METRICS
========================================
1. Route Length (Hops): 7
2. Sum of Vertex Degrees: 30
3. Avg. Alternate Routes: 0.833
4. Stretch (Absolute): 1
5. Stretch (Ratio): 1.1666666666666667
Backtracks Performed: 0
========================================

========================================
SIMULATION METRICS
========================================
1. Route Length (Hops): 8
2. Sum of Vertex Degrees: 35
3. Avg. Alternate Routes: 1.571
4. Stretch (Absolute): 1
5. Stretch (Ratio): 1.1428571428571428
Backtracks Performed: 0
========================================

========================================
SIMULATION METRICS
========================================
1. Route Length (Hops): 9
2. Sum of Vertex Degrees: 38
3. Avg. Alternate Routes: 1.375
4. Stretch (Absolute): 2
5. Stretch (Ratio): 1.2857142857142858
Backtracks Performed: 0
========================================

========================================
SIMULATION METRICS
========================================
1. Route Length (Hops): 4
2. Sum of Vertex Degrees: 13
3. Avg. Alternate Routes: 1.000
4. Stretch (Absolute): 0
5. Stretch (Ratio): 1.0
Backtracks Performed: 0
========================================

========================================
SIMULATION METRICS
========================================
1. Route Length (Hops): 9
2. Sum of Vertex Degrees: 37
3. Avg. Alternate Routes: 0.125
4. Stretch (Absolute): 3
5. Stretch (Ratio): 1.5
Backtracks Performed: 0
========================================

========================================
SIMULATION METRICS
========================================
1. Route Length (Hops): 2
2. Sum of Vertex Degrees: 10
3. Avg. Alternate Routes: 1.000
4. Stretch (Absolute): 0
5. Stretch (Ratio): 1.0
Backtracks Performed: 0
========================================

========================================
SIMULATION METRICS
========================================
1. Route Length (Hops): 4
2. Sum of Vertex Degrees: 21
3. Avg. Alternate Routes: 1.000
4. Stretch (Absolute): 0
5. Stretch (Ratio): 1.0
Backtracks Performed: 0
========================================

========================================
SIMULATION METRICS
========================================
1. Route Length (Hops): 4
2. Sum of Vertex Degrees: 22
3. Avg. Alternate Routes: 1.000
4. Stretch (Absolute): 0
5. Stretch (Ratio): 1.0
Backtracks Performed: 0
========================================

========================================
SIMULATION METRICS
========================================
1. Route Length (Hops): 5
2. Sum of Vertex Degrees: 28
3. Avg. Alternate Routes: 1.000
4. Stretch (Absolute): 0
5. Stretch (Ratio): 1.0
Backtracks Performed: 0
========================================

========================================
SIMULATION METRICS
========================================
1. Route Length (Hops): 3
2. Sum of Vertex Degrees: 16
3. Avg. Alternate Routes: 1.500
4. Stretch (Absolute): 0
5. Stretch (Ratio): 1.0
Backtracks Performed: 0
========================================

========================================
SIMULATION METRICS
========================================
1. Route Length (Hops): 5
2. Sum of Vertex Degrees: 24
3. Avg. Alternate Routes: 1.500
4. Stretch (Absolute): 0
5. Stretch (Ratio): 1.0
Backtracks Performed: 0
========================================

========================================
SIMULATION METRICS
========================================
1. Route Length (Hops): 3
2. Sum of Vertex Degrees: 17
3. Avg. Alternate Routes: 2.500
4. Stretch (Absolute): 0
5. Stretch (Ratio): 1.0
Backtracks Performed: 0
========================================

========================================
SIMULATION METRICS
========================================
1. Route Length (Hops): 6
2. Sum of Vertex Degrees: 28
3. Avg. Alternate Routes: 2.000
4. Stretch (Absolute): 2
5. Stretch (Ratio): 1.5
Backtracks Performed: 0
========================================

========================================
SIMULATION METRICS
========================================
1. Route Length (Hops): 2
2. Sum of Vertex Degrees: 13
3. Avg. Alternate Routes: 1.000
4. Stretch (Absolute): 0
5. Stretch (Ratio): 1.0
Backtracks Performed: 0
========================================

========================================
SIMULATION METRICS
========================================
1. Route Length (Hops): 4
2. Sum of Vertex Degrees: 21
3. Avg. Alternate Routes: 1.000
4. Stretch (Absolute): 0
5. Stretch (Ratio): 1.0
Backtracks Performed: 0
========================================

========================================
SIMULATION METRICS
========================================
1. Route Length (Hops): 4
2. Sum of Vertex Degrees: 17
3. Avg. Alternate Routes: 1.333
4. Stretch (Absolute): 0
5. Stretch (Ratio): 1.0
Backtracks Performed: 0
========================================

========================================
SIMULATION METRICS
========================================
1. Route Length (Hops): 7
2. Sum of Vertex Degrees: 33
3. Avg. Alternate Routes: 1.000
4. Stretch (Absolute): 1
5. Stretch (Ratio): 1.1666666666666667
Backtracks Performed: 0
========================================

========================================
SIMULATION METRICS
========================================
1. Route Length (Hops): 3
2. Sum of Vertex Degrees: 13
3. Avg. Alternate Routes: 1.000
4. Stretch (Absolute): 0
5. Stretch (Ratio): 1.0
Backtracks Performed: 0
========================================

========================================
SIMULATION METRICS
========================================
1. Route Length (Hops): 6
2. Sum of Vertex Degrees: 25
3. Avg. Alternate Routes: 0.800
4. Stretch (Absolute): 0
5. Stretch (Ratio): 1.0
Backtracks Performed: 0
========================================

========================================
SIMULATION METRICS
========================================
1. Route Length (Hops): 3
2. Sum of Vertex Degrees: 14
3. Avg. Alternate Routes: 1.000
4. Stretch (Absolute): 0
5. Stretch (Ratio): 1.0
Backtracks Performed: 0
========================================

========================================
SIMULATION METRICS
========================================
1. Route Length (Hops): 4
2. Sum of Vertex Degrees: 22
3. Avg. Alternate Routes: 1.000
4. Stretch (Absolute): 0
5. Stretch (Ratio): 1.0
Backtracks Performed: 0
========================================

========================================
SIMULATION METRICS
========================================
1. Route Length (Hops): 7
2. Sum of Vertex Degrees: 32
3. Avg. Alternate Routes: 1.000
4. Stretch (Absolute): 0
5. Stretch (Ratio): 1.0
Backtracks Performed: 0
========================================

========================================
SIMULATION METRICS
========================================
1. Route Length (Hops): 8
2. Sum of Vertex Degrees: 35
3. Avg. Alternate Routes: 1.000
4. Stretch (Absolute): 1
5. Stretch (Ratio): 1.1428571428571428
Backtracks Performed: 17
========================================

========================================
SIMULATION METRICS
========================================
1. Route Length (Hops): 6
2. Sum of Vertex Degrees: 24
3. Avg. Alternate Routes: 0.800
4. Stretch (Absolute): 0
5. Stretch (Ratio): 1.0
Backtracks Performed: 0
========================================

========================================
SIMULATION METRICS
========================================
1. Route Length (Hops): 9
2. Sum of Vertex Degrees: 34
3. Avg. Alternate Routes: 0.625
4. Stretch (Absolute): 0
5. Stretch (Ratio): 1.0
Backtracks Performed: 0
========================================

========================================
SIMULATION METRICS
========================================
1. Route Length (Hops): 4
2. Sum of Vertex Degrees: 20
3. Avg. Alternate Routes: 1.000
4. Stretch (Absolute): 0
5. Stretch (Ratio): 1.0
Backtracks Performed: 0
========================================

========================================
SIMULATION METRICS
========================================
1. Route Length (Hops): 8
2. Sum of Vertex Degrees: 30
3. Avg. Alternate Routes: 0.714
4. Stretch (Absolute): 4
5. Stretch (Ratio): 2.0
Backtracks Performed: 0
========================================

========================================
SIMULATION METRICS
========================================
1. Route Length (Hops): 6
2. Sum of Vertex Degrees: 24
3. Avg. Alternate Routes: 0.800
4. Stretch (Absolute): 0
5. Stretch (Ratio): 1.0
Backtracks Performed: 0
========================================

========================================
SIMULATION METRICS
========================================
1. Route Length (Hops): 8
2. Sum of Vertex Degrees: 23
3. Avg. Alternate Routes: 0.571
4. Stretch (Absolute): 0
5. Stretch (Ratio): 1.0
Backtracks Performed: 0
========================================
Current Algorithm: MaxFlowRouting with lambda=0.8

========================================
SIMULATION METRICS
========================================
1. Route Length (Hops): 8
2. Sum of Vertex Degrees: 41
3. Avg. Alternate Routes: 2.000
4. Stretch (Absolute): 2
5. Stretch (Ratio): 1.3333333333333333
Backtracks Performed: 0
========================================

========================================
SIMULATION METRICS
========================================
1. Route Length (Hops): 15
2. Sum of Vertex Degrees: 61
3. Avg. Alternate Routes: 0.929
4. Stretch (Absolute): 9
5. Stretch (Ratio): 2.5
Backtracks Performed: 7
========================================

========================================
SIMULATION METRICS
========================================
1. Route Length (Hops): 13
2. Sum of Vertex Degrees: 54
3. Avg. Alternate Routes: 0.833
4. Stretch (Absolute): 7
5. Stretch (Ratio): 2.1666666666666665
Backtracks Performed: 0
========================================

========================================
SIMULATION METRICS
========================================
1. Route Length (Hops): 14
2. Sum of Vertex Degrees: 56
3. Avg. Alternate Routes: 0.769
4. Stretch (Absolute): 8
5. Stretch (Ratio): 2.3333333333333335
Backtracks Performed: 0
========================================

========================================
SIMULATION METRICS
========================================
1. Route Length (Hops): 4
2. Sum of Vertex Degrees: 22
3. Avg. Alternate Routes: 1.000
4. Stretch (Absolute): 0
5. Stretch (Ratio): 1.0
Backtracks Performed: 0
========================================

========================================
SIMULATION METRICS
========================================
1. Route Length (Hops): 6
2. Sum of Vertex Degrees: 25
3. Avg. Alternate Routes: 1.000
4. Stretch (Absolute): 0
5. Stretch (Ratio): 1.0
Backtracks Performed: 0
========================================

========================================
SIMULATION METRICS
========================================
1. Route Length (Hops): 3
2. Sum of Vertex Degrees: 20
3. Avg. Alternate Routes: 2.000
4. Stretch (Absolute): 0
5. Stretch (Ratio): 1.0
Backtracks Performed: 0
========================================

========================================
SIMULATION METRICS
========================================
1. Route Length (Hops): 5
2. Sum of Vertex Degrees: 28
3. Avg. Alternate Routes: 1.750
4. Stretch (Absolute): 0
5. Stretch (Ratio): 1.0
Backtracks Performed: 0
========================================

========================================
SIMULATION METRICS
========================================
1. Route Length (Hops): 6
2. Sum of Vertex Degrees: 24
3. Avg. Alternate Routes: 1.000
4. Stretch (Absolute): 0
5. Stretch (Ratio): 1.0
Backtracks Performed: 0
========================================

========================================
SIMULATION METRICS
========================================
1. Route Length (Hops): 14
2. Sum of Vertex Degrees: 57
3. Avg. Alternate Routes: 0.846
4. Stretch (Absolute): 5
5. Stretch (Ratio): 1.5555555555555556
Backtracks Performed: 19
========================================

========================================
SIMULATION METRICS
========================================
1. Route Length (Hops): 6
2. Sum of Vertex Degrees: 25
3. Avg. Alternate Routes: 1.000
4. Stretch (Absolute): 0
5. Stretch (Ratio): 1.0
Backtracks Performed: 0
========================================

========================================
SIMULATION METRICS
========================================
1. Route Length (Hops): 6
2. Sum of Vertex Degrees: 25
3. Avg. Alternate Routes: 1.000
4. Stretch (Absolute): 0
5. Stretch (Ratio): 1.0
Backtracks Performed: 0
========================================

========================================
SIMULATION METRICS
========================================
1. Route Length (Hops): 4
2. Sum of Vertex Degrees: 14
3. Avg. Alternate Routes: 1.000
4. Stretch (Absolute): 0
5. Stretch (Ratio): 1.0
Backtracks Performed: 0
========================================

========================================
SIMULATION METRICS
========================================
1. Route Length (Hops): 7
2. Sum of Vertex Degrees: 24
3. Avg. Alternate Routes: 0.833
4. Stretch (Absolute): 0
5. Stretch (Ratio): 1.0
Backtracks Performed: 0
========================================

========================================
SIMULATION METRICS
========================================
1. Route Length (Hops): 14
2. Sum of Vertex Degrees: 48
3. Avg. Alternate Routes: 0.615
4. Stretch (Absolute): 6
5. Stretch (Ratio): 1.75
Backtracks Performed: 0
========================================

========================================
SIMULATION METRICS
========================================
1. Route Length (Hops): 12
2. Sum of Vertex Degrees: 42
3. Avg. Alternate Routes: 0.545
4. Stretch (Absolute): 4
5. Stretch (Ratio): 1.5
Backtracks Performed: 0
========================================

========================================
SIMULATION METRICS
========================================
1. Route Length (Hops): 5
2. Sum of Vertex Degrees: 22
3. Avg. Alternate Routes: 1.750
4. Stretch (Absolute): 0
5. Stretch (Ratio): 1.0
Backtracks Performed: 0
========================================

========================================
SIMULATION METRICS
========================================
1. Route Length (Hops): 6
2. Sum of Vertex Degrees: 24
3. Avg. Alternate Routes: 1.000
4. Stretch (Absolute): 0
5. Stretch (Ratio): 1.0
Backtracks Performed: 0
========================================

========================================
SIMULATION METRICS
========================================
1. Route Length (Hops): 5
2. Sum of Vertex Degrees: 30
3. Avg. Alternate Routes: 2.500
4. Stretch (Absolute): 1
5. Stretch (Ratio): 1.25
Backtracks Performed: 0
========================================

========================================
SIMULATION METRICS
========================================
1. Route Length (Hops): 7
2. Sum of Vertex Degrees: 33
3. Avg. Alternate Routes: 1.667
4. Stretch (Absolute): 3
5. Stretch (Ratio): 1.75
Backtracks Performed: 0
========================================

========================================
SIMULATION METRICS
========================================
1. Route Length (Hops): 7
2. Sum of Vertex Degrees: 34
3. Avg. Alternate Routes: 1.333
4. Stretch (Absolute): 3
5. Stretch (Ratio): 1.75
Backtracks Performed: 0
========================================

========================================
SIMULATION METRICS
========================================
1. Route Length (Hops): 7
2. Sum of Vertex Degrees: 34
3. Avg. Alternate Routes: 1.667
4. Stretch (Absolute): 3
5. Stretch (Ratio): 1.75
Backtracks Performed: 0
========================================

========================================
SIMULATION METRICS
========================================
1. Route Length (Hops): 6
2. Sum of Vertex Degrees: 24
3. Avg. Alternate Routes: 0.600
4. Stretch (Absolute): 0
5. Stretch (Ratio): 1.0
Backtracks Performed: 0
========================================

========================================
SIMULATION METRICS
========================================
1. Route Length (Hops): 7
2. Sum of Vertex Degrees: 30
3. Avg. Alternate Routes: 1.000
4. Stretch (Absolute): 0
5. Stretch (Ratio): 1.0
Backtracks Performed: 2
========================================

========================================
SIMULATION METRICS
========================================
1. Route Length (Hops): 13
2. Sum of Vertex Degrees: 46
3. Avg. Alternate Routes: 0.667
4. Stretch (Absolute): 6
5. Stretch (Ratio): 1.8571428571428572
Backtracks Performed: 0
========================================

========================================
SIMULATION METRICS
========================================
1. Route Length (Hops): 11
2. Sum of Vertex Degrees: 40
3. Avg. Alternate Routes: 0.600
4. Stretch (Absolute): 4
5. Stretch (Ratio): 1.5714285714285714
Backtracks Performed: 0
========================================

========================================
SIMULATION METRICS
========================================
1. Route Length (Hops): 2
2. Sum of Vertex Degrees: 16
3. Avg. Alternate Routes: 2.000
4. Stretch (Absolute): 0
5. Stretch (Ratio): 1.0
Backtracks Performed: 0
========================================

========================================
SIMULATION METRICS
========================================
1. Route Length (Hops): 3
2. Sum of Vertex Degrees: 22
3. Avg. Alternate Routes: 3.000
4. Stretch (Absolute): 0
5. Stretch (Ratio): 1.0
Backtracks Performed: 0
========================================

========================================
SIMULATION METRICS
========================================
1. Route Length (Hops): 5
2. Sum of Vertex Degrees: 25
3. Avg. Alternate Routes: 1.500
4. Stretch (Absolute): 1
5. Stretch (Ratio): 1.25
Backtracks Performed: 0
========================================

========================================
SIMULATION METRICS
========================================
1. Route Length (Hops): 6
2. Sum of Vertex Degrees: 28
3. Avg. Alternate Routes: 1.200
4. Stretch (Absolute): 0
5. Stretch (Ratio): 1.0
Backtracks Performed: 0
========================================

========================================
SIMULATION METRICS
========================================
1. Route Length (Hops): 5
2. Sum of Vertex Degrees: 25
3. Avg. Alternate Routes: 1.000
4. Stretch (Absolute): 0
5. Stretch (Ratio): 1.0
Backtracks Performed: 0
========================================

========================================
SIMULATION METRICS
========================================
1. Route Length (Hops): 13
2. Sum of Vertex Degrees: 52
3. Avg. Alternate Routes: 0.833
4. Stretch (Absolute): 7
5. Stretch (Ratio): 2.1666666666666665
Backtracks Performed: 2
========================================

========================================
SIMULATION METRICS
========================================
1. Route Length (Hops): 8
2. Sum of Vertex Degrees: 35
3. Avg. Alternate Routes: 1.571
4. Stretch (Absolute): 1
5. Stretch (Ratio): 1.1428571428571428
Backtracks Performed: 0
========================================

========================================
SIMULATION METRICS
========================================
1. Route Length (Hops): 8
2. Sum of Vertex Degrees: 32
3. Avg. Alternate Routes: 1.286
4. Stretch (Absolute): 1
5. Stretch (Ratio): 1.1428571428571428
Backtracks Performed: 0
========================================

========================================
SIMULATION METRICS
========================================
1. Route Length (Hops): 4
2. Sum of Vertex Degrees: 13
3. Avg. Alternate Routes: 1.000
4. Stretch (Absolute): 0
5. Stretch (Ratio): 1.0
Backtracks Performed: 0
========================================

========================================
SIMULATION METRICS
========================================
1. Route Length (Hops): 5
2. Sum of Vertex Degrees: 18
3. Avg. Alternate Routes: 1.000
4. Stretch (Absolute): 0
5. Stretch (Ratio): 1.0
Backtracks Performed: 0
========================================

========================================
SIMULATION METRICS
========================================
1. Route Length (Hops): 2
2. Sum of Vertex Degrees: 10
3. Avg. Alternate Routes: 1.000
4. Stretch (Absolute): 0
5. Stretch (Ratio): 1.0
Backtracks Performed: 0
========================================

========================================
SIMULATION METRICS
========================================
1. Route Length (Hops): 4
2. Sum of Vertex Degrees: 21
3. Avg. Alternate Routes: 1.000
4. Stretch (Absolute): 0
5. Stretch (Ratio): 1.0
Backtracks Performed: 0
========================================

========================================
SIMULATION METRICS
========================================
1. Route Length (Hops): 4
2. Sum of Vertex Degrees: 22
3. Avg. Alternate Routes: 1.000
4. Stretch (Absolute): 0
5. Stretch (Ratio): 1.0
Backtracks Performed: 0
========================================

========================================
SIMULATION METRICS
========================================
1. Route Length (Hops): 5
2. Sum of Vertex Degrees: 25
3. Avg. Alternate Routes: 1.000
4. Stretch (Absolute): 0
5. Stretch (Ratio): 1.0
Backtracks Performed: 0
========================================

========================================
SIMULATION METRICS
========================================
1. Route Length (Hops): 3
2. Sum of Vertex Degrees: 16
3. Avg. Alternate Routes: 1.500
4. Stretch (Absolute): 0
5. Stretch (Ratio): 1.0
Backtracks Performed: 0
========================================

========================================
SIMULATION METRICS
========================================
1. Route Length (Hops): 5
2. Sum of Vertex Degrees: 24
3. Avg. Alternate Routes: 1.500
4. Stretch (Absolute): 0
5. Stretch (Ratio): 1.0
Backtracks Performed: 0
========================================

========================================
SIMULATION METRICS
========================================
1. Route Length (Hops): 3
2. Sum of Vertex Degrees: 17
3. Avg. Alternate Routes: 2.500
4. Stretch (Absolute): 0
5. Stretch (Ratio): 1.0
Backtracks Performed: 0
========================================

========================================
SIMULATION METRICS
========================================
1. Route Length (Hops): 4
2. Sum of Vertex Degrees: 22
3. Avg. Alternate Routes: 2.000
4. Stretch (Absolute): 0
5. Stretch (Ratio): 1.0
Backtracks Performed: 0
========================================

========================================
SIMULATION METRICS
========================================
1. Route Length (Hops): 2
2. Sum of Vertex Degrees: 13
3. Avg. Alternate Routes: 1.000
4. Stretch (Absolute): 0
5. Stretch (Ratio): 1.0
Backtracks Performed: 0
========================================

========================================
SIMULATION METRICS
========================================
1. Route Length (Hops): 4
2. Sum of Vertex Degrees: 21
3. Avg. Alternate Routes: 1.000
4. Stretch (Absolute): 0
5. Stretch (Ratio): 1.0
Backtracks Performed: 0
========================================

========================================
SIMULATION METRICS
========================================
1. Route Length (Hops): 4
2. Sum of Vertex Degrees: 17
3. Avg. Alternate Routes: 1.333
4. Stretch (Absolute): 0
5. Stretch (Ratio): 1.0
Backtracks Performed: 0
========================================

========================================
SIMULATION METRICS
========================================
1. Route Length (Hops): 10
2. Sum of Vertex Degrees: 42
3. Avg. Alternate Routes: 1.222
4. Stretch (Absolute): 5
5. Stretch (Ratio): 2.0
Backtracks Performed: 0
========================================

========================================
SIMULATION METRICS
========================================
1. Route Length (Hops): 3
2. Sum of Vertex Degrees: 13
3. Avg. Alternate Routes: 1.000
4. Stretch (Absolute): 0
5. Stretch (Ratio): 1.0
Backtracks Performed: 0
========================================

========================================
SIMULATION METRICS
========================================
1. Route Length (Hops): 6
2. Sum of Vertex Degrees: 24
3. Avg. Alternate Routes: 0.800
4. Stretch (Absolute): 1
5. Stretch (Ratio): 1.2
Backtracks Performed: 0
========================================

========================================
SIMULATION METRICS
========================================
1. Route Length (Hops): 4
2. Sum of Vertex Degrees: 20
3. Avg. Alternate Routes: 1.000
4. Stretch (Absolute): 1
5. Stretch (Ratio): 1.3333333333333333
Backtracks Performed: 0
========================================

========================================
SIMULATION METRICS
========================================
1. Route Length (Hops): 3
2. Sum of Vertex Degrees: 14
3. Avg. Alternate Routes: 1.000
4. Stretch (Absolute): 0
5. Stretch (Ratio): 1.0
Backtracks Performed: 0
========================================

========================================
SIMULATION METRICS
========================================
1. Route Length (Hops): 7
2. Sum of Vertex Degrees: 32
3. Avg. Alternate Routes: 1.000
4. Stretch (Absolute): 0
5. Stretch (Ratio): 1.0
Backtracks Performed: 0
========================================

========================================
SIMULATION METRICS
========================================
1. Route Length (Hops): 8
2. Sum of Vertex Degrees: 35
3. Avg. Alternate Routes: 1.000
4. Stretch (Absolute): 1
5. Stretch (Ratio): 1.1428571428571428
Backtracks Performed: 0
========================================

========================================
SIMULATION METRICS
========================================
1. Route Length (Hops): 6
2. Sum of Vertex Degrees: 24
3. Avg. Alternate Routes: 0.800
4. Stretch (Absolute): 0
5. Stretch (Ratio): 1.0
Backtracks Performed: 0
========================================

========================================
SIMULATION METRICS
========================================
1. Route Length (Hops): 9
2. Sum of Vertex Degrees: 34
3. Avg. Alternate Routes: 0.875
4. Stretch (Absolute): 0
5. Stretch (Ratio): 1.0
Backtracks Performed: 1
========================================

========================================
SIMULATION METRICS
========================================
1. Route Length (Hops): 4
2. Sum of Vertex Degrees: 20
3. Avg. Alternate Routes: 1.000
4. Stretch (Absolute): 0
5. Stretch (Ratio): 1.0
Backtracks Performed: 0
========================================

========================================
SIMULATION METRICS
========================================
1. Route Length (Hops): 4
2. Sum of Vertex Degrees: 20
3. Avg. Alternate Routes: 1.000
4. Stretch (Absolute): 0
5. Stretch (Ratio): 1.0
Backtracks Performed: 0
========================================

========================================
SIMULATION METRICS
========================================
1. Route Length (Hops): 6
2. Sum of Vertex Degrees: 24
3. Avg. Alternate Routes: 0.800
4. Stretch (Absolute): 0
5. Stretch (Ratio): 1.0
Backtracks Performed: 0
========================================

========================================
SIMULATION METRICS
========================================
1. Route Length (Hops): 9
2. Sum of Vertex Degrees: 34
3. Avg. Alternate Routes: 0.875
4. Stretch (Absolute): 0
5. Stretch (Ratio): 1.0
Backtracks Performed: 0
========================================
Current Algorithm: Probabilistic MaxFlowRouting with lambda=0.5 and p=0.1

========================================
SIMULATION METRICS
========================================
1. Route Length (Hops): 8
2. Sum of Vertex Degrees: 41
3. Avg. Alternate Routes: 2.000
4. Stretch (Absolute): 2
5. Stretch (Ratio): 1.3333333333333333
Backtracks Performed: 0
========================================

========================================
SIMULATION METRICS
========================================
1. Route Length (Hops): 6
2. Sum of Vertex Degrees: 33
3. Avg. Alternate Routes: 2.200
4. Stretch (Absolute): 0
5. Stretch (Ratio): 1.0
Backtracks Performed: 8
========================================

========================================
SIMULATION METRICS
========================================
1. Route Length (Hops): 13
2. Sum of Vertex Degrees: 54
3. Avg. Alternate Routes: 0.833
4. Stretch (Absolute): 7
5. Stretch (Ratio): 2.1666666666666665
Backtracks Performed: 0
========================================

========================================
SIMULATION METRICS
========================================
1. Route Length (Hops): 14
2. Sum of Vertex Degrees: 57
3. Avg. Alternate Routes: 0.846
4. Stretch (Absolute): 8
5. Stretch (Ratio): 2.3333333333333335
Backtracks Performed: 18
========================================

========================================
SIMULATION METRICS
========================================
1. Route Length (Hops): 4
2. Sum of Vertex Degrees: 22
3. Avg. Alternate Routes: 1.000
4. Stretch (Absolute): 0
5. Stretch (Ratio): 1.0
Backtracks Performed: 0
========================================

========================================
SIMULATION METRICS
========================================
1. Route Length (Hops): 7
2. Sum of Vertex Degrees: 34
3. Avg. Alternate Routes: 1.000
4. Stretch (Absolute): 1
5. Stretch (Ratio): 1.1666666666666667
Backtracks Performed: 0
========================================

========================================
SIMULATION METRICS
========================================
1. Route Length (Hops): 3
2. Sum of Vertex Degrees: 20
3. Avg. Alternate Routes: 2.000
4. Stretch (Absolute): 0
5. Stretch (Ratio): 1.0
Backtracks Performed: 0
========================================

========================================
SIMULATION METRICS
========================================
1. Route Length (Hops): 5
2. Sum of Vertex Degrees: 28
3. Avg. Alternate Routes: 1.750
4. Stretch (Absolute): 0
5. Stretch (Ratio): 1.0
Backtracks Performed: 0
========================================

========================================
SIMULATION METRICS
========================================
1. Route Length (Hops): 6
2. Sum of Vertex Degrees: 24
3. Avg. Alternate Routes: 1.000
4. Stretch (Absolute): 0
5. Stretch (Ratio): 1.0
Backtracks Performed: 0
========================================

========================================
SIMULATION METRICS
========================================
1. Route Length (Hops): 14
2. Sum of Vertex Degrees: 57
3. Avg. Alternate Routes: 0.846
4. Stretch (Absolute): 5
5. Stretch (Ratio): 1.5555555555555556
Backtracks Performed: 19
========================================

========================================
SIMULATION METRICS
========================================
1. Route Length (Hops): 6
2. Sum of Vertex Degrees: 25
3. Avg. Alternate Routes: 1.000
4. Stretch (Absolute): 0
5. Stretch (Ratio): 1.0
Backtracks Performed: 0
========================================

========================================
SIMULATION METRICS
========================================
1. Route Length (Hops): 6
2. Sum of Vertex Degrees: 25
3. Avg. Alternate Routes: 1.000
4. Stretch (Absolute): 0
5. Stretch (Ratio): 1.0
Backtracks Performed: 0
========================================

========================================
SIMULATION METRICS
========================================
1. Route Length (Hops): 4
2. Sum of Vertex Degrees: 14
3. Avg. Alternate Routes: 1.000
4. Stretch (Absolute): 0
5. Stretch (Ratio): 1.0
Backtracks Performed: 0
========================================

========================================
SIMULATION METRICS
========================================
1. Route Length (Hops): 9
2. Sum of Vertex Degrees: 37
3. Avg. Alternate Routes: 1.250
4. Stretch (Absolute): 1
5. Stretch (Ratio): 1.125
Backtracks Performed: 0
========================================

========================================
SIMULATION METRICS
========================================
1. Route Length (Hops): 14
2. Sum of Vertex Degrees: 48
3. Avg. Alternate Routes: 0.615
4. Stretch (Absolute): 6
5. Stretch (Ratio): 1.75
Backtracks Performed: 0
========================================

========================================
SIMULATION METRICS
========================================
1. Route Length (Hops): 15
2. Sum of Vertex Degrees: 56
3. Avg. Alternate Routes: 0.929
4. Stretch (Absolute): 7
5. Stretch (Ratio): 1.875
Backtracks Performed: 0
========================================

========================================
SIMULATION METRICS
========================================
1. Route Length (Hops): 5
2. Sum of Vertex Degrees: 22
3. Avg. Alternate Routes: 1.750
4. Stretch (Absolute): 0
5. Stretch (Ratio): 1.0
Backtracks Performed: 0
========================================

========================================
SIMULATION METRICS
========================================
1. Route Length (Hops): 6
2. Sum of Vertex Degrees: 23
3. Avg. Alternate Routes: 1.000
4. Stretch (Absolute): 0
5. Stretch (Ratio): 1.0
Backtracks Performed: 0
========================================

========================================
SIMULATION METRICS
========================================
1. Route Length (Hops): 5
2. Sum of Vertex Degrees: 30
3. Avg. Alternate Routes: 2.500
4. Stretch (Absolute): 1
5. Stretch (Ratio): 1.25
Backtracks Performed: 0
========================================

========================================
SIMULATION METRICS
========================================
1. Route Length (Hops): 8
2. Sum of Vertex Degrees: 39
3. Avg. Alternate Routes: 1.571
4. Stretch (Absolute): 4
5. Stretch (Ratio): 2.0
Backtracks Performed: 0
========================================

========================================
SIMULATION METRICS
========================================
1. Route Length (Hops): 7
2. Sum of Vertex Degrees: 34
3. Avg. Alternate Routes: 1.333
4. Stretch (Absolute): 3
5. Stretch (Ratio): 1.75
Backtracks Performed: 0
========================================

========================================
SIMULATION METRICS
========================================
1. Route Length (Hops): 6
2. Sum of Vertex Degrees: 31
3. Avg. Alternate Routes: 1.800
4. Stretch (Absolute): 2
5. Stretch (Ratio): 1.5
Backtracks Performed: 0
========================================

========================================
SIMULATION METRICS
========================================
1. Route Length (Hops): 6
2. Sum of Vertex Degrees: 24
3. Avg. Alternate Routes: 0.600
4. Stretch (Absolute): 0
5. Stretch (Ratio): 1.0
Backtracks Performed: 0
========================================

========================================
SIMULATION METRICS
========================================
1. Route Length (Hops): 7
2. Sum of Vertex Degrees: 30
3. Avg. Alternate Routes: 1.000
4. Stretch (Absolute): 0
5. Stretch (Ratio): 1.0
Backtracks Performed: 2
========================================

========================================
SIMULATION METRICS
========================================
1. Route Length (Hops): 13
2. Sum of Vertex Degrees: 46
3. Avg. Alternate Routes: 0.667
4. Stretch (Absolute): 6
5. Stretch (Ratio): 1.8571428571428572
Backtracks Performed: 0
========================================

========================================
SIMULATION METRICS
========================================
1. Route Length (Hops): 8
2. Sum of Vertex Degrees: 32
3. Avg. Alternate Routes: 0.857
4. Stretch (Absolute): 0
5. Stretch (Ratio): 1.0
Backtracks Performed: 0
========================================

========================================
SIMULATION METRICS
========================================
1. Route Length (Hops): 2
2. Sum of Vertex Degrees: 16
3. Avg. Alternate Routes: 2.000
4. Stretch (Absolute): 0
5. Stretch (Ratio): 1.0
Backtracks Performed: 0
========================================

========================================
SIMULATION METRICS
========================================
1. Route Length (Hops): 5
2. Sum of Vertex Degrees: 28
3. Avg. Alternate Routes: 1.750
4. Stretch (Absolute): 2
5. Stretch (Ratio): 1.6666666666666667
Backtracks Performed: 0
========================================

========================================
SIMULATION METRICS
========================================
1. Route Length (Hops): 5
2. Sum of Vertex Degrees: 25
3. Avg. Alternate Routes: 1.500
4. Stretch (Absolute): 1
5. Stretch (Ratio): 1.25
Backtracks Performed: 0
========================================

========================================
SIMULATION METRICS
========================================
1. Route Length (Hops): 7
2. Sum of Vertex Degrees: 32
3. Avg. Alternate Routes: 1.500
4. Stretch (Absolute): 1
5. Stretch (Ratio): 1.1666666666666667
Backtracks Performed: 0
========================================

========================================
SIMULATION METRICS
========================================
1. Route Length (Hops): 5
2. Sum of Vertex Degrees: 25
3. Avg. Alternate Routes: 1.000
4. Stretch (Absolute): 0
5. Stretch (Ratio): 1.0
Backtracks Performed: 0
========================================

========================================
SIMULATION METRICS
========================================
1. Route Length (Hops): 5
2. Sum of Vertex Degrees: 25
3. Avg. Alternate Routes: 1.000
4. Stretch (Absolute): 0
5. Stretch (Ratio): 1.0
Backtracks Performed: 0
========================================

========================================
SIMULATION METRICS
========================================
1. Route Length (Hops): 8
2. Sum of Vertex Degrees: 35
3. Avg. Alternate Routes: 1.571
4. Stretch (Absolute): 1
5. Stretch (Ratio): 1.1428571428571428
Backtracks Performed: 0
========================================

========================================
SIMULATION METRICS
========================================
1. Route Length (Hops): 10
2. Sum of Vertex Degrees: 41
3. Avg. Alternate Routes: 1.000
4. Stretch (Absolute): 3
5. Stretch (Ratio): 1.4285714285714286
Backtracks Performed: 0
========================================

========================================
SIMULATION METRICS
========================================
1. Route Length (Hops): 4
2. Sum of Vertex Degrees: 13
3. Avg. Alternate Routes: 1.000
4. Stretch (Absolute): 0
5. Stretch (Ratio): 1.0
Backtracks Performed: 0
========================================

========================================
SIMULATION METRICS
========================================
1. Route Length (Hops): 6
2. Sum of Vertex Degrees: 23
3. Avg. Alternate Routes: 0.800
4. Stretch (Absolute): 1
5. Stretch (Ratio): 1.2
Backtracks Performed: 0
========================================

========================================
SIMULATION METRICS
========================================
1. Route Length (Hops): 2
2. Sum of Vertex Degrees: 10
3. Avg. Alternate Routes: 1.000
4. Stretch (Absolute): 0
5. Stretch (Ratio): 1.0
Backtracks Performed: 0
========================================

========================================
SIMULATION METRICS
========================================
1. Route Length (Hops): 4
2. Sum of Vertex Degrees: 21
3. Avg. Alternate Routes: 1.000
4. Stretch (Absolute): 0
5. Stretch (Ratio): 1.0
Backtracks Performed: 0
========================================

========================================
SIMULATION METRICS
========================================
1. Route Length (Hops): 4
2. Sum of Vertex Degrees: 22
3. Avg. Alternate Routes: 1.000
4. Stretch (Absolute): 0
5. Stretch (Ratio): 1.0
Backtracks Performed: 0
========================================

========================================
SIMULATION METRICS
========================================
1. Route Length (Hops): 6
2. Sum of Vertex Degrees: 30
3. Avg. Alternate Routes: 0.600
4. Stretch (Absolute): 1
5. Stretch (Ratio): 1.2
Backtracks Performed: 0
========================================

========================================
SIMULATION METRICS
========================================
1. Route Length (Hops): 3
2. Sum of Vertex Degrees: 16
3. Avg. Alternate Routes: 1.500
4. Stretch (Absolute): 0
5. Stretch (Ratio): 1.0
Backtracks Performed: 0
========================================

========================================
SIMULATION METRICS
========================================
1. Route Length (Hops): 12
2. Sum of Vertex Degrees: 49
3. Avg. Alternate Routes: 1.091
4. Stretch (Absolute): 7
5. Stretch (Ratio): 2.4
Backtracks Performed: 5
========================================

========================================
SIMULATION METRICS
========================================
1. Route Length (Hops): 3
2. Sum of Vertex Degrees: 17
3. Avg. Alternate Routes: 2.500
4. Stretch (Absolute): 0
5. Stretch (Ratio): 1.0
Backtracks Performed: 0
========================================

========================================
SIMULATION METRICS
========================================
1. Route Length (Hops): 4
2. Sum of Vertex Degrees: 25
3. Avg. Alternate Routes: 2.667
4. Stretch (Absolute): 0
5. Stretch (Ratio): 1.0
Backtracks Performed: 0
========================================

========================================
SIMULATION METRICS
========================================
1. Route Length (Hops): 2
2. Sum of Vertex Degrees: 13
3. Avg. Alternate Routes: 1.000
4. Stretch (Absolute): 0
5. Stretch (Ratio): 1.0
Backtracks Performed: 0
========================================

========================================
SIMULATION METRICS
========================================
1. Route Length (Hops): 4
2. Sum of Vertex Degrees: 21
3. Avg. Alternate Routes: 1.000
4. Stretch (Absolute): 0
5. Stretch (Ratio): 1.0
Backtracks Performed: 0
========================================

========================================
SIMULATION METRICS
========================================
1. Route Length (Hops): 4
2. Sum of Vertex Degrees: 17
3. Avg. Alternate Routes: 1.333
4. Stretch (Absolute): 0
5. Stretch (Ratio): 1.0
Backtracks Performed: 0
========================================

========================================
SIMULATION METRICS
========================================
1. Route Length (Hops): 7
2. Sum of Vertex Degrees: 33
3. Avg. Alternate Routes: 1.667
4. Stretch (Absolute): 2
5. Stretch (Ratio): 1.4
Backtracks Performed: 0
========================================

========================================
SIMULATION METRICS
========================================
1. Route Length (Hops): 3
2. Sum of Vertex Degrees: 13
3. Avg. Alternate Routes: 1.000
4. Stretch (Absolute): 0
5. Stretch (Ratio): 1.0
Backtracks Performed: 0
========================================

========================================
SIMULATION METRICS
========================================
1. Route Length (Hops): 4
2. Sum of Vertex Degrees: 21
3. Avg. Alternate Routes: 1.000
4. Stretch (Absolute): 0
5. Stretch (Ratio): 1.0
Backtracks Performed: 0
========================================

========================================
SIMULATION METRICS
========================================
1. Route Length (Hops): 4
2. Sum of Vertex Degrees: 20
3. Avg. Alternate Routes: 1.000
4. Stretch (Absolute): 1
5. Stretch (Ratio): 1.3333333333333333
Backtracks Performed: 0
========================================

========================================
SIMULATION METRICS
========================================
1. Route Length (Hops): 5
2. Sum of Vertex Degrees: 28
3. Avg. Alternate Routes: 1.000
4. Stretch (Absolute): 1
5. Stretch (Ratio): 1.25
Backtracks Performed: 0
========================================

========================================
SIMULATION METRICS
========================================
1. Route Length (Hops): 7
2. Sum of Vertex Degrees: 32
3. Avg. Alternate Routes: 1.000
4. Stretch (Absolute): 0
5. Stretch (Ratio): 1.0
Backtracks Performed: 0
========================================

========================================
SIMULATION METRICS
========================================
1. Route Length (Hops): 8
2. Sum of Vertex Degrees: 35
3. Avg. Alternate Routes: 1.000
4. Stretch (Absolute): 1
5. Stretch (Ratio): 1.1428571428571428
Backtracks Performed: 17
========================================

========================================
SIMULATION METRICS
========================================
1. Route Length (Hops): 6
2. Sum of Vertex Degrees: 24
3. Avg. Alternate Routes: 0.800
4. Stretch (Absolute): 0
5. Stretch (Ratio): 1.0
Backtracks Performed: 0
========================================

========================================
SIMULATION METRICS
========================================
1. Route Length (Hops): 7
2. Sum of Vertex Degrees: 30
3. Avg. Alternate Routes: 0.833
4. Stretch (Absolute): 0
5. Stretch (Ratio): 1.0
Backtracks Performed: 0
========================================

========================================
SIMULATION METRICS
========================================
1. Route Length (Hops): 4
2. Sum of Vertex Degrees: 20
3. Avg. Alternate Routes: 1.000
4. Stretch (Absolute): 0
5. Stretch (Ratio): 1.0
Backtracks Performed: 0
========================================

========================================
SIMULATION METRICS
========================================
1. Route Length (Hops): 5
2. Sum of Vertex Degrees: 25
3. Avg. Alternate Routes: 1.000
4. Stretch (Absolute): 0
5. Stretch (Ratio): 1.0
Backtracks Performed: 0
========================================

========================================
SIMULATION METRICS
========================================
1. Route Length (Hops): 6
2. Sum of Vertex Degrees: 24
3. Avg. Alternate Routes: 0.800
4. Stretch (Absolute): 0
5. Stretch (Ratio): 1.0
Backtracks Performed: 0
========================================

========================================
SIMULATION METRICS
========================================
1. Route Length (Hops): 7
2. Sum of Vertex Degrees: 29
3. Avg. Alternate Routes: 0.833
4. Stretch (Absolute): 0
5. Stretch (Ratio): 1.0
Backtracks Performed: 0
========================================
Current Algorithm: Probabilistic MaxFlowRouting with lambda=1 and p=0.1

========================================
SIMULATION METRICS
========================================
1. Route Length (Hops): 8
2. Sum of Vertex Degrees: 41
3. Avg. Alternate Routes: 2.000
4. Stretch (Absolute): 2
5. Stretch (Ratio): 1.3333333333333333
Backtracks Performed: 0
========================================

========================================
SIMULATION METRICS
========================================
1. Route Length (Hops): 15
2. Sum of Vertex Degrees: 61
3. Avg. Alternate Routes: 0.929
4. Stretch (Absolute): 9
5. Stretch (Ratio): 2.5
Backtracks Performed: 7
========================================

========================================
SIMULATION METRICS
========================================
1. Route Length (Hops): 13
2. Sum of Vertex Degrees: 54
3. Avg. Alternate Routes: 0.833
4. Stretch (Absolute): 7
5. Stretch (Ratio): 2.1666666666666665
Backtracks Performed: 0
========================================

========================================
SIMULATION METRICS
========================================
1. Route Length (Hops): 13
2. Sum of Vertex Degrees: 54
3. Avg. Alternate Routes: 1.000
4. Stretch (Absolute): 7
5. Stretch (Ratio): 2.1666666666666665
Backtracks Performed: 0
========================================

========================================
SIMULATION METRICS
========================================
1. Route Length (Hops): 4
2. Sum of Vertex Degrees: 22
3. Avg. Alternate Routes: 1.000
4. Stretch (Absolute): 0
5. Stretch (Ratio): 1.0
Backtracks Performed: 0
========================================

========================================
SIMULATION METRICS
========================================
1. Route Length (Hops): 5
2. Sum of Vertex Degrees: 26
3. Avg. Alternate Routes: 1.000
4. Stretch (Absolute): 0
5. Stretch (Ratio): 1.0
Backtracks Performed: 0
========================================

========================================
SIMULATION METRICS
========================================
1. Route Length (Hops): 3
2. Sum of Vertex Degrees: 20
3. Avg. Alternate Routes: 2.000
4. Stretch (Absolute): 0
5. Stretch (Ratio): 1.0
Backtracks Performed: 0
========================================

========================================
SIMULATION METRICS
========================================
1. Route Length (Hops): 4
2. Sum of Vertex Degrees: 24
3. Avg. Alternate Routes: 2.000
4. Stretch (Absolute): 0
5. Stretch (Ratio): 1.0
Backtracks Performed: 0
========================================

========================================
SIMULATION METRICS
========================================
1. Route Length (Hops): 6
2. Sum of Vertex Degrees: 24
3. Avg. Alternate Routes: 1.000
4. Stretch (Absolute): 0
5. Stretch (Ratio): 1.0
Backtracks Performed: 0
========================================

========================================
SIMULATION METRICS
========================================
1. Route Length (Hops): 7
2. Sum of Vertex Degrees: 31
3. Avg. Alternate Routes: 1.000
4. Stretch (Absolute): 1
5. Stretch (Ratio): 1.1666666666666667
Backtracks Performed: 0
========================================

========================================
SIMULATION METRICS
========================================
1. Route Length (Hops): 6
2. Sum of Vertex Degrees: 25
3. Avg. Alternate Routes: 1.000
4. Stretch (Absolute): 0
5. Stretch (Ratio): 1.0
Backtracks Performed: 0
========================================

========================================
SIMULATION METRICS
========================================
1. Route Length (Hops): 8
2. Sum of Vertex Degrees: 34
3. Avg. Alternate Routes: 1.000
4. Stretch (Absolute): 1
5. Stretch (Ratio): 1.1428571428571428
Backtracks Performed: 0
========================================

========================================
SIMULATION METRICS
========================================
1. Route Length (Hops): 4
2. Sum of Vertex Degrees: 14
3. Avg. Alternate Routes: 1.000
4. Stretch (Absolute): 0
5. Stretch (Ratio): 1.0
Backtracks Performed: 0
========================================

========================================
SIMULATION METRICS
========================================
1. Route Length (Hops): 9
2. Sum of Vertex Degrees: 37
3. Avg. Alternate Routes: 1.250
4. Stretch (Absolute): 1
5. Stretch (Ratio): 1.125
Backtracks Performed: 0
========================================

========================================
SIMULATION METRICS
========================================
1. Route Length (Hops): 14
2. Sum of Vertex Degrees: 48
3. Avg. Alternate Routes: 0.615
4. Stretch (Absolute): 6
5. Stretch (Ratio): 1.75
Backtracks Performed: 0
========================================

========================================
SIMULATION METRICS
========================================
1. Route Length (Hops): 10
2. Sum of Vertex Degrees: 39
3. Avg. Alternate Routes: 0.778
4. Stretch (Absolute): 1
5. Stretch (Ratio): 1.1111111111111112
Backtracks Performed: 0
========================================

========================================
SIMULATION METRICS
========================================
1. Route Length (Hops): 5
2. Sum of Vertex Degrees: 22
3. Avg. Alternate Routes: 1.750
4. Stretch (Absolute): 0
5. Stretch (Ratio): 1.0
Backtracks Performed: 0
========================================

========================================
SIMULATION METRICS
========================================
1. Route Length (Hops): 6
2. Sum of Vertex Degrees: 23
3. Avg. Alternate Routes: 1.000
4. Stretch (Absolute): 0
5. Stretch (Ratio): 1.0
Backtracks Performed: 0
========================================

========================================
SIMULATION METRICS
========================================
1. Route Length (Hops): 5
2. Sum of Vertex Degrees: 30
3. Avg. Alternate Routes: 2.500
4. Stretch (Absolute): 1
5. Stretch (Ratio): 1.25
Backtracks Performed: 0
========================================

========================================
SIMULATION METRICS
========================================
1. Route Length (Hops): 5
2. Sum of Vertex Degrees: 30
3. Avg. Alternate Routes: 2.250
4. Stretch (Absolute): 1
5. Stretch (Ratio): 1.25
Backtracks Performed: 2
========================================

========================================
SIMULATION METRICS
========================================
1. Route Length (Hops): 7
2. Sum of Vertex Degrees: 34
3. Avg. Alternate Routes: 1.333
4. Stretch (Absolute): 3
5. Stretch (Ratio): 1.75
Backtracks Performed: 0
========================================

========================================
SIMULATION METRICS
========================================
1. Route Length (Hops): 6
2. Sum of Vertex Degrees: 31
3. Avg. Alternate Routes: 1.800
4. Stretch (Absolute): 2
5. Stretch (Ratio): 1.5
Backtracks Performed: 0
========================================

========================================
SIMULATION METRICS
========================================
1. Route Length (Hops): 6
2. Sum of Vertex Degrees: 24
3. Avg. Alternate Routes: 0.600
4. Stretch (Absolute): 0
5. Stretch (Ratio): 1.0
Backtracks Performed: 0
========================================

========================================
SIMULATION METRICS
========================================
1. Route Length (Hops): 7
2. Sum of Vertex Degrees: 32
3. Avg. Alternate Routes: 1.000
4. Stretch (Absolute): 0
5. Stretch (Ratio): 1.0
Backtracks Performed: 0
========================================

========================================
SIMULATION METRICS
========================================
1. Route Length (Hops): 13
2. Sum of Vertex Degrees: 46
3. Avg. Alternate Routes: 0.667
4. Stretch (Absolute): 6
5. Stretch (Ratio): 1.8571428571428572
Backtracks Performed: 0
========================================

========================================
SIMULATION METRICS
========================================
1. Route Length (Hops): 14
2. Sum of Vertex Degrees: 51
3. Avg. Alternate Routes: 0.846
4. Stretch (Absolute): 7
5. Stretch (Ratio): 2.0
Backtracks Performed: 2
========================================

========================================
SIMULATION METRICS
========================================
1. Route Length (Hops): 2
2. Sum of Vertex Degrees: 16
3. Avg. Alternate Routes: 2.000
4. Stretch (Absolute): 0
5. Stretch (Ratio): 1.0
Backtracks Performed: 0
========================================

========================================
SIMULATION METRICS
========================================
1. Route Length (Hops): 3
2. Sum of Vertex Degrees: 22
3. Avg. Alternate Routes: 3.000
4. Stretch (Absolute): 0
5. Stretch (Ratio): 1.0
Backtracks Performed: 0
========================================

========================================
SIMULATION METRICS
========================================
1. Route Length (Hops): 5
2. Sum of Vertex Degrees: 25
3. Avg. Alternate Routes: 1.500
4. Stretch (Absolute): 1
5. Stretch (Ratio): 1.25
Backtracks Performed: 0
========================================

========================================
SIMULATION METRICS
========================================
1. Route Length (Hops): 8
2. Sum of Vertex Degrees: 37
3. Avg. Alternate Routes: 1.429
4. Stretch (Absolute): 4
5. Stretch (Ratio): 2.0
Backtracks Performed: 0
========================================

========================================
SIMULATION METRICS
========================================
1. Route Length (Hops): 5
2. Sum of Vertex Degrees: 25
3. Avg. Alternate Routes: 1.000
4. Stretch (Absolute): 0
5. Stretch (Ratio): 1.0
Backtracks Performed: 0
========================================

========================================
SIMULATION METRICS
========================================
1. Route Length (Hops): 15
2. Sum of Vertex Degrees: 56
3. Avg. Alternate Routes: 0.071
4. Stretch (Absolute): 8
5. Stretch (Ratio): 2.142857142857143
Backtracks Performed: 4
========================================

========================================
SIMULATION METRICS
========================================
1. Route Length (Hops): 8
2. Sum of Vertex Degrees: 35
3. Avg. Alternate Routes: 1.571
4. Stretch (Absolute): 1
5. Stretch (Ratio): 1.1428571428571428
Backtracks Performed: 0
========================================

========================================
SIMULATION METRICS
========================================
1. Route Length (Hops): 9
2. Sum of Vertex Degrees: 37
3. Avg. Alternate Routes: 1.375
4. Stretch (Absolute): 2
5. Stretch (Ratio): 1.2857142857142858
Backtracks Performed: 0
========================================

========================================
SIMULATION METRICS
========================================
1. Route Length (Hops): 4
2. Sum of Vertex Degrees: 13
3. Avg. Alternate Routes: 1.000
4. Stretch (Absolute): 0
5. Stretch (Ratio): 1.0
Backtracks Performed: 0
========================================

========================================
SIMULATION METRICS
========================================
1. Route Length (Hops): 6
2. Sum of Vertex Degrees: 23
3. Avg. Alternate Routes: 0.800
4. Stretch (Absolute): 1
5. Stretch (Ratio): 1.2
Backtracks Performed: 0
========================================

========================================
SIMULATION METRICS
========================================
1. Route Length (Hops): 2
2. Sum of Vertex Degrees: 10
3. Avg. Alternate Routes: 1.000
4. Stretch (Absolute): 0
5. Stretch (Ratio): 1.0
Backtracks Performed: 0
========================================

========================================
SIMULATION METRICS
========================================
1. Route Length (Hops): 3
2. Sum of Vertex Degrees: 15
3. Avg. Alternate Routes: 1.000
4. Stretch (Absolute): 0
5. Stretch (Ratio): 1.0
Backtracks Performed: 0
========================================

========================================
SIMULATION METRICS
========================================
1. Route Length (Hops): 4
2. Sum of Vertex Degrees: 22
3. Avg. Alternate Routes: 1.000
4. Stretch (Absolute): 0
5. Stretch (Ratio): 1.0
Backtracks Performed: 0
========================================

========================================
SIMULATION METRICS
========================================
1. Route Length (Hops): 5
2. Sum of Vertex Degrees: 28
3. Avg. Alternate Routes: 1.000
4. Stretch (Absolute): 0
5. Stretch (Ratio): 1.0
Backtracks Performed: 0
========================================

========================================
SIMULATION METRICS
========================================
1. Route Length (Hops): 3
2. Sum of Vertex Degrees: 16
3. Avg. Alternate Routes: 1.500
4. Stretch (Absolute): 0
5. Stretch (Ratio): 1.0
Backtracks Performed: 0
========================================

========================================
SIMULATION METRICS
========================================
1. Route Length (Hops): 12
2. Sum of Vertex Degrees: 49
3. Avg. Alternate Routes: 1.091
4. Stretch (Absolute): 7
5. Stretch (Ratio): 2.4
Backtracks Performed: 5
========================================

========================================
SIMULATION METRICS
========================================
1. Route Length (Hops): 3
2. Sum of Vertex Degrees: 17
3. Avg. Alternate Routes: 2.500
4. Stretch (Absolute): 0
5. Stretch (Ratio): 1.0
Backtracks Performed: 0
========================================

========================================
SIMULATION METRICS
========================================
1. Route Length (Hops): 4
2. Sum of Vertex Degrees: 22
3. Avg. Alternate Routes: 2.000
4. Stretch (Absolute): 0
5. Stretch (Ratio): 1.0
Backtracks Performed: 0
========================================

========================================
SIMULATION METRICS
========================================
1. Route Length (Hops): 2
2. Sum of Vertex Degrees: 13
3. Avg. Alternate Routes: 1.000
4. Stretch (Absolute): 0
5. Stretch (Ratio): 1.0
Backtracks Performed: 0
========================================

========================================
SIMULATION METRICS
========================================
1. Route Length (Hops): 20
2. Sum of Vertex Degrees: 74
3. Avg. Alternate Routes: 0.474
4. Stretch (Absolute): 15
5. Stretch (Ratio): 4.0
Backtracks Performed: 5
========================================

========================================
SIMULATION METRICS
========================================
1. Route Length (Hops): 4
2. Sum of Vertex Degrees: 17
3. Avg. Alternate Routes: 1.333
4. Stretch (Absolute): 0
5. Stretch (Ratio): 1.0
Backtracks Performed: 0
========================================

========================================
SIMULATION METRICS
========================================
1. Route Length (Hops): 10
2. Sum of Vertex Degrees: 42
3. Avg. Alternate Routes: 1.222
4. Stretch (Absolute): 5
5. Stretch (Ratio): 2.0
Backtracks Performed: 0
========================================

========================================
SIMULATION METRICS
========================================
1. Route Length (Hops): 3
2. Sum of Vertex Degrees: 13
3. Avg. Alternate Routes: 1.000
4. Stretch (Absolute): 0
5. Stretch (Ratio): 1.0
Backtracks Performed: 0
========================================

========================================
SIMULATION METRICS
========================================
1. Route Length (Hops): 4
2. Sum of Vertex Degrees: 21
3. Avg. Alternate Routes: 1.000
4. Stretch (Absolute): 0
5. Stretch (Ratio): 1.0
Backtracks Performed: 0
========================================

========================================
SIMULATION METRICS
========================================
1. Route Length (Hops): 4
2. Sum of Vertex Degrees: 20
3. Avg. Alternate Routes: 1.000
4. Stretch (Absolute): 1
5. Stretch (Ratio): 1.3333333333333333
Backtracks Performed: 0
========================================

========================================
SIMULATION METRICS
========================================
1. Route Length (Hops): 4
2. Sum of Vertex Degrees: 22
3. Avg. Alternate Routes: 1.000
4. Stretch (Absolute): 1
5. Stretch (Ratio): 1.3333333333333333
Backtracks Performed: 0
========================================

========================================
SIMULATION METRICS
========================================
1. Route Length (Hops): 7
2. Sum of Vertex Degrees: 32
3. Avg. Alternate Routes: 1.000
4. Stretch (Absolute): 0
5. Stretch (Ratio): 1.0
Backtracks Performed: 0
========================================

========================================
SIMULATION METRICS
========================================
1. Route Length (Hops): 9
2. Sum of Vertex Degrees: 40
3. Avg. Alternate Routes: 1.000
4. Stretch (Absolute): 1
5. Stretch (Ratio): 1.125
Backtracks Performed: 0
========================================

========================================
SIMULATION METRICS
========================================
1. Route Length (Hops): 6
2. Sum of Vertex Degrees: 24
3. Avg. Alternate Routes: 0.800
4. Stretch (Absolute): 0
5. Stretch (Ratio): 1.0
Backtracks Performed: 0
========================================

========================================
SIMULATION METRICS
========================================
1. Route Length (Hops): 9
2. Sum of Vertex Degrees: 34
3. Avg. Alternate Routes: 0.625
4. Stretch (Absolute): 0
5. Stretch (Ratio): 1.0
Backtracks Performed: 0
========================================

========================================
SIMULATION METRICS
========================================
1. Route Length (Hops): 4
2. Sum of Vertex Degrees: 20
3. Avg. Alternate Routes: 1.000
4. Stretch (Absolute): 0
5. Stretch (Ratio): 1.0
Backtracks Performed: 0
========================================

========================================
SIMULATION METRICS
========================================
1. Route Length (Hops): 5
2. Sum of Vertex Degrees: 25
3. Avg. Alternate Routes: 1.000
4. Stretch (Absolute): 0
5. Stretch (Ratio): 1.0
Backtracks Performed: 0
========================================

========================================
SIMULATION METRICS
========================================
1. Route Length (Hops): 6
2. Sum of Vertex Degrees: 24
3. Avg. Alternate Routes: 0.800
4. Stretch (Absolute): 0
5. Stretch (Ratio): 1.0
Backtracks Performed: 0
========================================

========================================
SIMULATION METRICS
========================================
1. Route Length (Hops): 9
2. Sum of Vertex Degrees: 34
3. Avg. Alternate Routes: 0.875
4. Stretch (Absolute): 0
5. Stretch (Ratio): 1.0
Backtracks Performed: 0
========================================
Current Algorithm: Probabilistic MaxFlowRouting with lambda=2 and p=0.1

========================================
SIMULATION METRICS
========================================
1. Route Length (Hops): 8
2. Sum of Vertex Degrees: 41
3. Avg. Alternate Routes: 2.000
4. Stretch (Absolute): 2
5. Stretch (Ratio): 1.3333333333333333
Backtracks Performed: 0
========================================

========================================
SIMULATION METRICS
========================================
1. Route Length (Hops): 6
2. Sum of Vertex Degrees: 33
3. Avg. Alternate Routes: 2.200
4. Stretch (Absolute): 0
5. Stretch (Ratio): 1.0
Backtracks Performed: 7
========================================

========================================
SIMULATION METRICS
========================================
1. Route Length (Hops): 6
2. Sum of Vertex Degrees: 20
3. Avg. Alternate Routes: 0.600
4. Stretch (Absolute): 0
5. Stretch (Ratio): 1.0
Backtracks Performed: 0
========================================

========================================
SIMULATION METRICS
========================================
1. Route Length (Hops): 8
2. Sum of Vertex Degrees: 27
3. Avg. Alternate Routes: 0.857
4. Stretch (Absolute): 0
5. Stretch (Ratio): 1.0
Backtracks Performed: 2
========================================

========================================
SIMULATION METRICS
========================================
1. Route Length (Hops): 4
2. Sum of Vertex Degrees: 22
3. Avg. Alternate Routes: 1.000
4. Stretch (Absolute): 0
5. Stretch (Ratio): 1.0
Backtracks Performed: 0
========================================

========================================
SIMULATION METRICS
========================================
1. Route Length (Hops): 7
2. Sum of Vertex Degrees: 34
3. Avg. Alternate Routes: 1.000
4. Stretch (Absolute): 1
5. Stretch (Ratio): 1.1666666666666667
Backtracks Performed: 0
========================================

========================================
SIMULATION METRICS
========================================
1. Route Length (Hops): 3
2. Sum of Vertex Degrees: 20
3. Avg. Alternate Routes: 2.000
4. Stretch (Absolute): 0
5. Stretch (Ratio): 1.0
Backtracks Performed: 0
========================================

========================================
SIMULATION METRICS
========================================
1. Route Length (Hops): 5
2. Sum of Vertex Degrees: 26
3. Avg. Alternate Routes: 1.750
4. Stretch (Absolute): 0
5. Stretch (Ratio): 1.0
Backtracks Performed: 0
========================================

========================================
SIMULATION METRICS
========================================
1. Route Length (Hops): 6
2. Sum of Vertex Degrees: 24
3. Avg. Alternate Routes: 1.000
4. Stretch (Absolute): 0
5. Stretch (Ratio): 1.0
Backtracks Performed: 0
========================================

========================================
SIMULATION METRICS
========================================
1. Route Length (Hops): 14
2. Sum of Vertex Degrees: 57
3. Avg. Alternate Routes: 0.846
4. Stretch (Absolute): 8
5. Stretch (Ratio): 2.3333333333333335
Backtracks Performed: 2
========================================

========================================
SIMULATION METRICS
========================================
1. Route Length (Hops): 6
2. Sum of Vertex Degrees: 25
3. Avg. Alternate Routes: 1.000
4. Stretch (Absolute): 0
5. Stretch (Ratio): 1.0
Backtracks Performed: 0
========================================

========================================
SIMULATION METRICS
========================================
1. Route Length (Hops): 7
2. Sum of Vertex Degrees: 28
3. Avg. Alternate Routes: 1.000
4. Stretch (Absolute): 0
5. Stretch (Ratio): 1.0
Backtracks Performed: 0
========================================

========================================
SIMULATION METRICS
========================================
1. Route Length (Hops): 4
2. Sum of Vertex Degrees: 14
3. Avg. Alternate Routes: 1.000
4. Stretch (Absolute): 0
5. Stretch (Ratio): 1.0
Backtracks Performed: 0
========================================

========================================
SIMULATION METRICS
========================================
1. Route Length (Hops): 7
2. Sum of Vertex Degrees: 24
3. Avg. Alternate Routes: 0.833
4. Stretch (Absolute): 0
5. Stretch (Ratio): 1.0
Backtracks Performed: 0
========================================

========================================
SIMULATION METRICS
========================================
1. Route Length (Hops): 8
2. Sum of Vertex Degrees: 24
3. Avg. Alternate Routes: 0.429
4. Stretch (Absolute): 0
5. Stretch (Ratio): 1.0
Backtracks Performed: 0
========================================

========================================
SIMULATION METRICS
========================================
1. Route Length (Hops): 9
2. Sum of Vertex Degrees: 34
3. Avg. Alternate Routes: 0.750
4. Stretch (Absolute): 0
5. Stretch (Ratio): 1.0
Backtracks Performed: 0
========================================

========================================
SIMULATION METRICS
========================================
1. Route Length (Hops): 5
2. Sum of Vertex Degrees: 22
3. Avg. Alternate Routes: 1.750
4. Stretch (Absolute): 0
5. Stretch (Ratio): 1.0
Backtracks Performed: 0
========================================

========================================
SIMULATION METRICS
========================================
1. Route Length (Hops): 6
2. Sum of Vertex Degrees: 23
3. Avg. Alternate Routes: 1.000
4. Stretch (Absolute): 0
5. Stretch (Ratio): 1.0
Backtracks Performed: 0
========================================

========================================
SIMULATION METRICS
========================================
1. Route Length (Hops): 5
2. Sum of Vertex Degrees: 30
3. Avg. Alternate Routes: 2.500
4. Stretch (Absolute): 1
5. Stretch (Ratio): 1.25
Backtracks Performed: 0
========================================

========================================
SIMULATION METRICS
========================================
1. Route Length (Hops): 6
2. Sum of Vertex Degrees: 34
3. Avg. Alternate Routes: 2.400
4. Stretch (Absolute): 1
5. Stretch (Ratio): 1.2
Backtracks Performed: 0
========================================

========================================
SIMULATION METRICS
========================================
1. Route Length (Hops): 7
2. Sum of Vertex Degrees: 34
3. Avg. Alternate Routes: 1.333
4. Stretch (Absolute): 3
5. Stretch (Ratio): 1.75
Backtracks Performed: 0
========================================

========================================
SIMULATION METRICS
========================================
1. Route Length (Hops): 4
2. Sum of Vertex Degrees: 20
3. Avg. Alternate Routes: 1.333
4. Stretch (Absolute): 0
5. Stretch (Ratio): 1.0
Backtracks Performed: 0
========================================

========================================
SIMULATION METRICS
========================================
1. Route Length (Hops): 6
2. Sum of Vertex Degrees: 24
3. Avg. Alternate Routes: 0.600
4. Stretch (Absolute): 0
5. Stretch (Ratio): 1.0
Backtracks Performed: 0
========================================

========================================
SIMULATION METRICS
========================================
1. Route Length (Hops): 7
2. Sum of Vertex Degrees: 30
3. Avg. Alternate Routes: 1.000
4. Stretch (Absolute): 0
5. Stretch (Ratio): 1.0
Backtracks Performed: 2
========================================

========================================
SIMULATION METRICS
========================================
1. Route Length (Hops): 7
2. Sum of Vertex Degrees: 22
3. Avg. Alternate Routes: 0.500
4. Stretch (Absolute): 0
5. Stretch (Ratio): 1.0
Backtracks Performed: 0
========================================

========================================
SIMULATION METRICS
========================================
1. Route Length (Hops): 9
2. Sum of Vertex Degrees: 29
3. Avg. Alternate Routes: 0.750
4. Stretch (Absolute): 1
5. Stretch (Ratio): 1.125
Backtracks Performed: 1
========================================

========================================
SIMULATION METRICS
========================================
1. Route Length (Hops): 2
2. Sum of Vertex Degrees: 16
3. Avg. Alternate Routes: 2.000
4. Stretch (Absolute): 0
5. Stretch (Ratio): 1.0
Backtracks Performed: 0
========================================

========================================
SIMULATION METRICS
========================================
1. Route Length (Hops): 5
2. Sum of Vertex Degrees: 28
3. Avg. Alternate Routes: 1.750
4. Stretch (Absolute): 2
5. Stretch (Ratio): 1.6666666666666667
Backtracks Performed: 0
========================================

========================================
SIMULATION METRICS
========================================
1. Route Length (Hops): 5
2. Sum of Vertex Degrees: 25
3. Avg. Alternate Routes: 1.500
4. Stretch (Absolute): 1
5. Stretch (Ratio): 1.25
Backtracks Performed: 0
========================================

========================================
SIMULATION METRICS
========================================
1. Route Length (Hops): 4
2. Sum of Vertex Degrees: 20
3. Avg. Alternate Routes: 1.000
4. Stretch (Absolute): 0
5. Stretch (Ratio): 1.0
Backtracks Performed: 0
========================================

========================================
SIMULATION METRICS
========================================
1. Route Length (Hops): 5
2. Sum of Vertex Degrees: 25
3. Avg. Alternate Routes: 1.000
4. Stretch (Absolute): 0
5. Stretch (Ratio): 1.0
Backtracks Performed: 0
========================================

========================================
SIMULATION METRICS
========================================
1. Route Length (Hops): 7
2. Sum of Vertex Degrees: 27
3. Avg. Alternate Routes: 1.000
4. Stretch (Absolute): 2
5. Stretch (Ratio): 1.4
Backtracks Performed: 0
========================================

========================================
SIMULATION METRICS
========================================
1. Route Length (Hops): 8
2. Sum of Vertex Degrees: 35
3. Avg. Alternate Routes: 1.571
4. Stretch (Absolute): 1
5. Stretch (Ratio): 1.1428571428571428
Backtracks Performed: 0
========================================

========================================
SIMULATION METRICS
========================================
1. Route Length (Hops): 10
2. Sum of Vertex Degrees: 39
3. Avg. Alternate Routes: 1.222
4. Stretch (Absolute): 3
5. Stretch (Ratio): 1.4285714285714286
Backtracks Performed: 0
========================================

========================================
SIMULATION METRICS
========================================
1. Route Length (Hops): 4
2. Sum of Vertex Degrees: 13
3. Avg. Alternate Routes: 1.000
4. Stretch (Absolute): 0
5. Stretch (Ratio): 1.0
Backtracks Performed: 0
========================================

========================================
SIMULATION METRICS
========================================
1. Route Length (Hops): 6
2. Sum of Vertex Degrees: 24
3. Avg. Alternate Routes: 0.800
4. Stretch (Absolute): 0
5. Stretch (Ratio): 1.0
Backtracks Performed: 0
========================================

========================================
SIMULATION METRICS
========================================
1. Route Length (Hops): 2
2. Sum of Vertex Degrees: 10
3. Avg. Alternate Routes: 1.000
4. Stretch (Absolute): 0
5. Stretch (Ratio): 1.0
Backtracks Performed: 0
========================================

========================================
SIMULATION METRICS
========================================
1. Route Length (Hops): 4
2. Sum of Vertex Degrees: 21
3. Avg. Alternate Routes: 1.000
4. Stretch (Absolute): 0
5. Stretch (Ratio): 1.0
Backtracks Performed: 0
========================================

========================================
SIMULATION METRICS
========================================
1. Route Length (Hops): 4
2. Sum of Vertex Degrees: 22
3. Avg. Alternate Routes: 1.000
4. Stretch (Absolute): 0
5. Stretch (Ratio): 1.0
Backtracks Performed: 0
========================================

========================================
SIMULATION METRICS
========================================
1. Route Length (Hops): 5
2. Sum of Vertex Degrees: 28
3. Avg. Alternate Routes: 1.000
4. Stretch (Absolute): 0
5. Stretch (Ratio): 1.0
Backtracks Performed: 0
========================================

========================================
SIMULATION METRICS
========================================
1. Route Length (Hops): 3
2. Sum of Vertex Degrees: 16
3. Avg. Alternate Routes: 1.500
4. Stretch (Absolute): 0
5. Stretch (Ratio): 1.0
Backtracks Performed: 0
========================================

========================================
SIMULATION METRICS
========================================
1. Route Length (Hops): 6
2. Sum of Vertex Degrees: 29
3. Avg. Alternate Routes: 1.400
4. Stretch (Absolute): 1
5. Stretch (Ratio): 1.2
Backtracks Performed: 0
========================================

========================================
SIMULATION METRICS
========================================
1. Route Length (Hops): 3
2. Sum of Vertex Degrees: 17
3. Avg. Alternate Routes: 2.500
4. Stretch (Absolute): 0
5. Stretch (Ratio): 1.0
Backtracks Performed: 0
========================================

========================================
SIMULATION METRICS
========================================
1. Route Length (Hops): 4
2. Sum of Vertex Degrees: 22
3. Avg. Alternate Routes: 2.000
4. Stretch (Absolute): 0
5. Stretch (Ratio): 1.0
Backtracks Performed: 0
========================================

========================================
SIMULATION METRICS
========================================
1. Route Length (Hops): 2
2. Sum of Vertex Degrees: 13
3. Avg. Alternate Routes: 1.000
4. Stretch (Absolute): 0
5. Stretch (Ratio): 1.0
Backtracks Performed: 0
========================================

========================================
SIMULATION METRICS
========================================
1. Route Length (Hops): 4
2. Sum of Vertex Degrees: 21
3. Avg. Alternate Routes: 1.000
4. Stretch (Absolute): 0
5. Stretch (Ratio): 1.0
Backtracks Performed: 0
========================================

========================================
SIMULATION METRICS
========================================
1. Route Length (Hops): 4
2. Sum of Vertex Degrees: 17
3. Avg. Alternate Routes: 1.333
4. Stretch (Absolute): 0
5. Stretch (Ratio): 1.0
Backtracks Performed: 0
========================================

========================================
SIMULATION METRICS
========================================
1. Route Length (Hops): 7
2. Sum of Vertex Degrees: 33
3. Avg. Alternate Routes: 1.000
4. Stretch (Absolute): 1
5. Stretch (Ratio): 1.1666666666666667
Backtracks Performed: 0
========================================

========================================
SIMULATION METRICS
========================================
1. Route Length (Hops): 3
2. Sum of Vertex Degrees: 13
3. Avg. Alternate Routes: 1.000
4. Stretch (Absolute): 0
5. Stretch (Ratio): 1.0
Backtracks Performed: 0
========================================

========================================
SIMULATION METRICS
========================================
1. Route Length (Hops): 6
2. Sum of Vertex Degrees: 25
3. Avg. Alternate Routes: 0.800
4. Stretch (Absolute): 0
5. Stretch (Ratio): 1.0
Backtracks Performed: 0
========================================

========================================
SIMULATION METRICS
========================================
1. Route Length (Hops): 4
2. Sum of Vertex Degrees: 20
3. Avg. Alternate Routes: 1.000
4. Stretch (Absolute): 1
5. Stretch (Ratio): 1.3333333333333333
Backtracks Performed: 0
========================================

========================================
SIMULATION METRICS
========================================
1. Route Length (Hops): 4
2. Sum of Vertex Degrees: 22
3. Avg. Alternate Routes: 1.000
4. Stretch (Absolute): 1
5. Stretch (Ratio): 1.3333333333333333
Backtracks Performed: 0
========================================

========================================
SIMULATION METRICS
========================================
1. Route Length (Hops): 7
2. Sum of Vertex Degrees: 32
3. Avg. Alternate Routes: 1.000
4. Stretch (Absolute): 0
5. Stretch (Ratio): 1.0
Backtracks Performed: 0
========================================

========================================
SIMULATION METRICS
========================================
1. Route Length (Hops): 7
2. Sum of Vertex Degrees: 30
3. Avg. Alternate Routes: 1.000
4. Stretch (Absolute): 0
5. Stretch (Ratio): 1.0
Backtracks Performed: 0
========================================

========================================
SIMULATION METRICS
========================================
1. Route Length (Hops): 6
2. Sum of Vertex Degrees: 24
3. Avg. Alternate Routes: 0.800
4. Stretch (Absolute): 0
5. Stretch (Ratio): 1.0
Backtracks Performed: 0
========================================

========================================
SIMULATION METRICS
========================================
1. Route Length (Hops): 13
2. Sum of Vertex Degrees: 48
3. Avg. Alternate Routes: 0.667
4. Stretch (Absolute): 6
5. Stretch (Ratio): 1.8571428571428572
Backtracks Performed: 0
========================================

========================================
SIMULATION METRICS
========================================
1. Route Length (Hops): 4
2. Sum of Vertex Degrees: 20
3. Avg. Alternate Routes: 1.000
4. Stretch (Absolute): 0
5. Stretch (Ratio): 1.0
Backtracks Performed: 0
========================================

========================================
SIMULATION METRICS
========================================
1. Route Length (Hops): 5
2. Sum of Vertex Degrees: 25
3. Avg. Alternate Routes: 1.000
4. Stretch (Absolute): 0
5. Stretch (Ratio): 1.0
Backtracks Performed: 0
========================================

========================================
SIMULATION METRICS
========================================
1. Route Length (Hops): 6
2. Sum of Vertex Degrees: 24
3. Avg. Alternate Routes: 0.800
4. Stretch (Absolute): 0
5. Stretch (Ratio): 1.0
Backtracks Performed: 0
========================================

========================================
SIMULATION METRICS
========================================
1. Route Length (Hops): 9
2. Sum of Vertex Degrees: 34
3. Avg. Alternate Routes: 0.875
4. Stretch (Absolute): 0
5. Stretch (Ratio): 1.0
Backtracks Performed: 0
========================================
Current Algorithm: Arborescence Routing

========================================
SIMULATION METRICS
========================================
1. Route Length (Hops): 8
2. Sum of Vertex Degrees: 39
3. Avg. Alternate Routes: 1.857
4. Stretch (Absolute): 2
5. Stretch (Ratio): 1.3333333333333333
Backtracks Performed: 0
========================================

========================================
SIMULATION METRICS
========================================
1. Route Length (Hops): 6
2. Sum of Vertex Degrees: 33
3. Avg. Alternate Routes: 2.200
4. Stretch (Absolute): 0
5. Stretch (Ratio): 1.0
Backtracks Performed: 0
========================================

========================================
SIMULATION METRICS
========================================
1. Route Length (Hops): 12
2. Sum of Vertex Degrees: 50
3. Avg. Alternate Routes: 0.909
4. Stretch (Absolute): 6
5. Stretch (Ratio): 2.0
Backtracks Performed: 0
========================================

========================================
SIMULATION METRICS
========================================
1. Route Length (Hops): 11
2. Sum of Vertex Degrees: 32
3. Avg. Alternate Routes: 0.400
4. Stretch (Absolute): 5
5. Stretch (Ratio): 1.8333333333333333
Backtracks Performed: 0
========================================

========================================
SIMULATION METRICS
========================================
1. Route Length (Hops): 14
2. Sum of Vertex Degrees: 57
3. Avg. Alternate Routes: 0.923
4. Stretch (Absolute): 10
5. Stretch (Ratio): 3.5
Backtracks Performed: 0
========================================

========================================
SIMULATION METRICS
========================================
1. Route Length (Hops): 16
2. Sum of Vertex Degrees: 67
3. Avg. Alternate Routes: 0.933
4. Stretch (Absolute): 12
5. Stretch (Ratio): 4.0
Backtracks Performed: 0
========================================

========================================
SIMULATION METRICS
========================================
1. Route Length (Hops): 4
2. Sum of Vertex Degrees: 24
3. Avg. Alternate Routes: 2.000
4. Stretch (Absolute): 1
5. Stretch (Ratio): 1.3333333333333333
Backtracks Performed: 0
========================================

========================================
SIMULATION METRICS
========================================
1. Route Length (Hops): 11
2. Sum of Vertex Degrees: 50
3. Avg. Alternate Routes: 1.400
4. Stretch (Absolute): 8
5. Stretch (Ratio): 3.6666666666666665
Backtracks Performed: 0
========================================

========================================
SIMULATION METRICS
========================================
1. Route Length (Hops): 12
2. Sum of Vertex Degrees: 47
3. Avg. Alternate Routes: 0.818
4. Stretch (Absolute): 6
5. Stretch (Ratio): 2.0
Backtracks Performed: 0
========================================

========================================
SIMULATION METRICS
========================================
1. Route Length (Hops): 8
2. Sum of Vertex Degrees: 31
3. Avg. Alternate Routes: 1.000
4. Stretch (Absolute): 2
5. Stretch (Ratio): 1.3333333333333333
Backtracks Performed: 0
========================================

========================================
SIMULATION METRICS
========================================
1. Route Length (Hops): 7
2. Sum of Vertex Degrees: 28
3. Avg. Alternate Routes: 1.000
4. Stretch (Absolute): 1
5. Stretch (Ratio): 1.1666666666666667
Backtracks Performed: 0
========================================

========================================
SIMULATION METRICS
========================================
1. Route Length (Hops): 7
2. Sum of Vertex Degrees: 31
3. Avg. Alternate Routes: 1.000
4. Stretch (Absolute): 1
5. Stretch (Ratio): 1.1666666666666667
Backtracks Performed: 0
========================================

========================================
SIMULATION METRICS
========================================
1. Route Length (Hops): 17
2. Sum of Vertex Degrees: 63
3. Avg. Alternate Routes: 1.000
4. Stretch (Absolute): 13
5. Stretch (Ratio): 4.25
Backtracks Performed: 0
========================================

========================================
SIMULATION METRICS
========================================
1. Route Length (Hops): 11
2. Sum of Vertex Degrees: 46
3. Avg. Alternate Routes: 1.100
4. Stretch (Absolute): 7
5. Stretch (Ratio): 2.75
Backtracks Performed: 0
========================================

========================================
SIMULATION METRICS
========================================
1. Route Length (Hops): 11
2. Sum of Vertex Degrees: 45
3. Avg. Alternate Routes: 0.700
4. Stretch (Absolute): 3
5. Stretch (Ratio): 1.375
Backtracks Performed: 0
========================================

========================================
SIMULATION METRICS
========================================
1. Route Length (Hops): 14
2. Sum of Vertex Degrees: 50
3. Avg. Alternate Routes: 0.615
4. Stretch (Absolute): 6
5. Stretch (Ratio): 1.75
Backtracks Performed: 0
========================================

========================================
SIMULATION METRICS
========================================
1. Route Length (Hops): 7
2. Sum of Vertex Degrees: 27
3. Avg. Alternate Routes: 1.167
4. Stretch (Absolute): 2
5. Stretch (Ratio): 1.4
Backtracks Performed: 0
========================================

========================================
SIMULATION METRICS
========================================
1. Route Length (Hops): 14
2. Sum of Vertex Degrees: 53
3. Avg. Alternate Routes: 1.077
4. Stretch (Absolute): 9
5. Stretch (Ratio): 2.8
Backtracks Performed: 0
========================================

========================================
SIMULATION METRICS
========================================
1. Route Length (Hops): 7
2. Sum of Vertex Degrees: 36
3. Avg. Alternate Routes: 1.833
4. Stretch (Absolute): 3
5. Stretch (Ratio): 1.75
Backtracks Performed: 0
========================================

========================================
SIMULATION METRICS
========================================
1. Route Length (Hops): 13
2. Sum of Vertex Degrees: 55
3. Avg. Alternate Routes: 1.083
4. Stretch (Absolute): 9
5. Stretch (Ratio): 3.25
Backtracks Performed: 0
========================================

========================================
SIMULATION METRICS
========================================
1. Route Length (Hops): 7
2. Sum of Vertex Degrees: 33
3. Avg. Alternate Routes: 1.500
4. Stretch (Absolute): 3
5. Stretch (Ratio): 1.75
Backtracks Performed: 0
========================================

========================================
SIMULATION METRICS
========================================
1. Route Length (Hops): 10
2. Sum of Vertex Degrees: 43
3. Avg. Alternate Routes: 1.333
4. Stretch (Absolute): 6
5. Stretch (Ratio): 2.5
Backtracks Performed: 0
========================================

========================================
SIMULATION METRICS
========================================
1. Route Length (Hops): 8
2. Sum of Vertex Degrees: 35
3. Avg. Alternate Routes: 0.571
4. Stretch (Absolute): 2
5. Stretch (Ratio): 1.3333333333333333
Backtracks Performed: 0
========================================

========================================
SIMULATION METRICS
========================================
1. Route Length (Hops): 13
2. Sum of Vertex Degrees: 52
3. Avg. Alternate Routes: 0.583
4. Stretch (Absolute): 7
5. Stretch (Ratio): 2.1666666666666665
Backtracks Performed: 0
========================================

========================================
SIMULATION METRICS
========================================
1. Route Length (Hops): 12
2. Sum of Vertex Degrees: 47
3. Avg. Alternate Routes: 0.636
4. Stretch (Absolute): 5
5. Stretch (Ratio): 1.7142857142857142
Backtracks Performed: 0
========================================

========================================
SIMULATION METRICS
========================================
1. Route Length (Hops): 11
2. Sum of Vertex Degrees: 37
3. Avg. Alternate Routes: 0.600
4. Stretch (Absolute): 4
5. Stretch (Ratio): 1.5714285714285714
Backtracks Performed: 0
========================================

========================================
SIMULATION METRICS
========================================
1. Route Length (Hops): 2
2. Sum of Vertex Degrees: 16
3. Avg. Alternate Routes: 2.000
4. Stretch (Absolute): 0
5. Stretch (Ratio): 1.0
Backtracks Performed: 0
========================================

========================================
SIMULATION METRICS
========================================
1. Route Length (Hops): 6
2. Sum of Vertex Degrees: 34
3. Avg. Alternate Routes: 2.200
4. Stretch (Absolute): 3
5. Stretch (Ratio): 2.0
Backtracks Performed: 0
========================================

========================================
SIMULATION METRICS
========================================
1. Route Length (Hops): 7
2. Sum of Vertex Degrees: 30
3. Avg. Alternate Routes: 1.000
4. Stretch (Absolute): 3
5. Stretch (Ratio): 1.75
Backtracks Performed: 0
========================================

========================================
SIMULATION METRICS
========================================
1. Route Length (Hops): 9
2. Sum of Vertex Degrees: 38
3. Avg. Alternate Routes: 1.250
4. Stretch (Absolute): 5
5. Stretch (Ratio): 2.25
Backtracks Performed: 0
========================================

========================================
SIMULATION METRICS
========================================
1. Route Length (Hops): 11
2. Sum of Vertex Degrees: 47
3. Avg. Alternate Routes: 0.900
4. Stretch (Absolute): 6
5. Stretch (Ratio): 2.2
Backtracks Performed: 0
========================================

========================================
SIMULATION METRICS
========================================
1. Route Length (Hops): 6
2. Sum of Vertex Degrees: 31
3. Avg. Alternate Routes: 1.000
4. Stretch (Absolute): 1
5. Stretch (Ratio): 1.2
Backtracks Performed: 0
========================================

========================================
SIMULATION METRICS
========================================
1. Route Length (Hops): 9
2. Sum of Vertex Degrees: 38
3. Avg. Alternate Routes: 1.125
4. Stretch (Absolute): 2
5. Stretch (Ratio): 1.2857142857142858
Backtracks Performed: 0
========================================

========================================
SIMULATION METRICS
========================================
1. Route Length (Hops): 12
2. Sum of Vertex Degrees: 38
3. Avg. Alternate Routes: 0.818
4. Stretch (Absolute): 5
5. Stretch (Ratio): 1.7142857142857142
Backtracks Performed: 0
========================================

========================================
SIMULATION METRICS
========================================
1. Route Length (Hops): 7
2. Sum of Vertex Degrees: 30
3. Avg. Alternate Routes: 0.833
4. Stretch (Absolute): 3
5. Stretch (Ratio): 1.75
Backtracks Performed: 0
========================================

========================================
SIMULATION METRICS
========================================
1. Route Length (Hops): 13
2. Sum of Vertex Degrees: 51
3. Avg. Alternate Routes: 0.833
4. Stretch (Absolute): 9
5. Stretch (Ratio): 3.25
Backtracks Performed: 0
========================================

========================================
SIMULATION METRICS
========================================
1. Route Length (Hops): 4
2. Sum of Vertex Degrees: 17
3. Avg. Alternate Routes: 0.667
4. Stretch (Absolute): 2
5. Stretch (Ratio): 2.0
Backtracks Performed: 0
========================================

========================================
SIMULATION METRICS
========================================
1. Route Length (Hops): 4
2. Sum of Vertex Degrees: 17
3. Avg. Alternate Routes: 1.000
4. Stretch (Absolute): 2
5. Stretch (Ratio): 2.0
Backtracks Performed: 0
========================================

========================================
SIMULATION METRICS
========================================
1. Route Length (Hops): 5
2. Sum of Vertex Degrees: 25
3. Avg. Alternate Routes: 1.000
4. Stretch (Absolute): 1
5. Stretch (Ratio): 1.25
Backtracks Performed: 0
========================================

========================================
SIMULATION METRICS
========================================
1. Route Length (Hops): 13
2. Sum of Vertex Degrees: 56
3. Avg. Alternate Routes: 0.917
4. Stretch (Absolute): 9
5. Stretch (Ratio): 3.25
Backtracks Performed: 0
========================================

========================================
SIMULATION METRICS
========================================
1. Route Length (Hops): 6
2. Sum of Vertex Degrees: 21
3. Avg. Alternate Routes: 1.000
4. Stretch (Absolute): 3
5. Stretch (Ratio): 2.0
Backtracks Performed: 0
========================================

========================================
SIMULATION METRICS
========================================
1. Route Length (Hops): 9
2. Sum of Vertex Degrees: 39
3. Avg. Alternate Routes: 1.125
4. Stretch (Absolute): 6
5. Stretch (Ratio): 3.0
Backtracks Performed: 0
========================================

========================================
SIMULATION METRICS
========================================
1. Route Length (Hops): 4
2. Sum of Vertex Degrees: 19
3. Avg. Alternate Routes: 1.000
4. Stretch (Absolute): 1
5. Stretch (Ratio): 1.3333333333333333
Backtracks Performed: 0
========================================

========================================
SIMULATION METRICS
========================================
1. Route Length (Hops): 10
2. Sum of Vertex Degrees: 43
3. Avg. Alternate Routes: 1.444
4. Stretch (Absolute): 7
5. Stretch (Ratio): 3.3333333333333335
Backtracks Performed: 0
========================================

========================================
SIMULATION METRICS
========================================
1. Route Length (Hops): 2
2. Sum of Vertex Degrees: 13
3. Avg. Alternate Routes: 1.000
4. Stretch (Absolute): 0
5. Stretch (Ratio): 1.0
Backtracks Performed: 0
========================================

========================================
SIMULATION METRICS
========================================
1. Route Length (Hops): 6
2. Sum of Vertex Degrees: 23
3. Avg. Alternate Routes: 0.800
4. Stretch (Absolute): 2
5. Stretch (Ratio): 1.5
Backtracks Performed: 0
========================================

========================================
SIMULATION METRICS
========================================
1. Route Length (Hops): 14
2. Sum of Vertex Degrees: 56
3. Avg. Alternate Routes: 1.308
4. Stretch (Absolute): 10
5. Stretch (Ratio): 3.5
Backtracks Performed: 0
========================================

========================================
SIMULATION METRICS
========================================
1. Route Length (Hops): 9
2. Sum of Vertex Degrees: 44
3. Avg. Alternate Routes: 1.750
4. Stretch (Absolute): 5
5. Stretch (Ratio): 2.25
Backtracks Performed: 0
========================================

========================================
SIMULATION METRICS
========================================
1. Route Length (Hops): 5
2. Sum of Vertex Degrees: 18
3. Avg. Alternate Routes: 0.500
4. Stretch (Absolute): 2
5. Stretch (Ratio): 1.6666666666666667
Backtracks Performed: 0
========================================

========================================
SIMULATION METRICS
========================================
1. Route Length (Hops): 7
2. Sum of Vertex Degrees: 30
3. Avg. Alternate Routes: 0.667
4. Stretch (Absolute): 3
5. Stretch (Ratio): 1.75
Backtracks Performed: 0
========================================

========================================
SIMULATION METRICS
========================================
1. Route Length (Hops): 3
2. Sum of Vertex Degrees: 14
3. Avg. Alternate Routes: 1.000
4. Stretch (Absolute): 0
5. Stretch (Ratio): 1.0
Backtracks Performed: 0
========================================

========================================
SIMULATION METRICS
========================================
1. Route Length (Hops): 6
2. Sum of Vertex Degrees: 28
3. Avg. Alternate Routes: 1.000
4. Stretch (Absolute): 2
5. Stretch (Ratio): 1.5
Backtracks Performed: 0
========================================

========================================
SIMULATION METRICS
========================================
1. Route Length (Hops): 8
2. Sum of Vertex Degrees: 35
3. Avg. Alternate Routes: 1.000
4. Stretch (Absolute): 1
5. Stretch (Ratio): 1.1428571428571428
Backtracks Performed: 0
========================================

========================================
SIMULATION METRICS
========================================
1. Route Length (Hops): 9
2. Sum of Vertex Degrees: 37
3. Avg. Alternate Routes: 0.875
4. Stretch (Absolute): 2
5. Stretch (Ratio): 1.2857142857142858
Backtracks Performed: 0
========================================

========================================
SIMULATION METRICS
========================================
1. Route Length (Hops): 10
2. Sum of Vertex Degrees: 37
3. Avg. Alternate Routes: 0.556
4. Stretch (Absolute): 4
5. Stretch (Ratio): 1.6666666666666667
Backtracks Performed: 0
========================================

========================================
SIMULATION METRICS
========================================
1. Route Length (Hops): 11
2. Sum of Vertex Degrees: 43
3. Avg. Alternate Routes: 0.600
4. Stretch (Absolute): 5
5. Stretch (Ratio): 1.8333333333333333
Backtracks Performed: 0
========================================

========================================
SIMULATION METRICS
========================================
1. Route Length (Hops): 8
2. Sum of Vertex Degrees: 37
3. Avg. Alternate Routes: 0.857
4. Stretch (Absolute): 4
5. Stretch (Ratio): 2.0
Backtracks Performed: 0
========================================

========================================
SIMULATION METRICS
========================================
1. Route Length (Hops): 6
2. Sum of Vertex Degrees: 27
3. Avg. Alternate Routes: 0.800
4. Stretch (Absolute): 2
5. Stretch (Ratio): 1.5
Backtracks Performed: 0
========================================

========================================
SIMULATION METRICS
========================================
1. Route Length (Hops): 10
2. Sum of Vertex Degrees: 39
3. Avg. Alternate Routes: 0.556
4. Stretch (Absolute): 4
5. Stretch (Ratio): 1.6666666666666667
Backtracks Performed: 0
========================================

========================================
SIMULATION METRICS
========================================
1. Route Length (Hops): 13
2. Sum of Vertex Degrees: 52
3. Avg. Alternate Routes: 0.667
4. Stretch (Absolute): 7
5. Stretch (Ratio): 2.1666666666666665
Backtracks Performed: 0
========================================
