The edge-connectivity of the topology is 2
Created #1 sao_paulo-rooted arborescence
Created #2 sao_paulo-rooted arborescence
Created #1 curitiba-rooted arborescence
Created #2 curitiba-rooted arborescence
Created #1 porto_alegre-rooted arborescence
Created #2 porto_alegre-rooted arborescence
Created #1 florianopolis-rooted arborescence
Created #2 florianopolis-rooted arborescence
Created #1 brasilia-rooted arborescence
Created #2 brasilia-rooted arborescence
Created #1 belo_horizonte-rooted arborescence
Created #2 belo_horizonte-rooted arborescence
Created #1 rio_de_janeiro-rooted arborescence
Created #2 rio_de_janeiro-rooted arborescence
Created #1 fortaleza-rooted arborescence
Created #2 fortaleza-rooted arborescence
Created #1 campo_grande-rooted arborescence
Created #2 campo_grande-rooted arborescence
Created #1 vitoria-rooted arborescence
Created #2 vitoria-rooted arborescence
Created #1 salvador-rooted arborescence
Created #2 salvador-rooted arborescence
Created #1 sao_luis-rooted arborescence
Created #2 sao_luis-rooted arborescence
Created #1 palmas-rooted arborescence
Created #2 palmas-rooted arborescence
Created #1 cuiaba-rooted arborescence
Created #2 cuiaba-rooted arborescence
Created #1 porto_velho-rooted arborescence
Created #2 porto_velho-rooted arborescence
Created #1 goiania-rooted arborescence
Created #2 goiania-rooted arborescence
Created #1 manaus-rooted arborescence
Created #2 manaus-rooted arborescence
Created #1 rio_branco-rooted arborescence
Created #2 rio_branco-rooted arborescence
Created #1 belem-rooted arborescence
Created #2 belem-rooted arborescence
Created #1 teresina-rooted arborescence
Created #2 teresina-rooted arborescence
Created #1 campina_grande-rooted arborescence
Created #2 campina_grande-rooted arborescence
Created #1 aracaju-rooted arborescence
Created #2 aracaju-rooted arborescence
Created #1 maceio-rooted arborescence
Created #2 maceio-rooted arborescence
Created #1 recife-rooted arborescence
Created #2 recife-rooted arborescence
Created #1 joao_pessoa-rooted arborescence
Created #2 joao_pessoa-rooted arborescence
Created #1 natal-rooted arborescence
Created #2 natal-rooted arborescence
Created #1 macapa-rooted arborescence
Created #2 macapa-rooted arborescence
Created #1 boa_vista-rooted arborescence
Created #2 boa_vista-rooted arborescence
Current Algorithm: Algorithm based on Dijkstra's

========================================
SIMULATION METRICS
========================================
1. Route Length (Hops): 4
2. Sum of Vertex Degrees: 30
3. Avg. Alternate Routes: 2.000
Backtracks Performed: 0
========================================

========================================
SIMULATION METRICS
========================================
1. Route Length (Hops): 5
2. Sum of Vertex Degrees: 30
3. Avg. Alternate Routes: 1.000
Backtracks Performed: 0
========================================

========================================
SIMULATION METRICS
========================================
1. Route Length (Hops): 3
2. Sum of Vertex Degrees: 17
3. Avg. Alternate Routes: 1.000
Backtracks Performed: 0
========================================

========================================
SIMULATION METRICS
========================================
1. Route Length (Hops): 3
2. Sum of Vertex Degrees: 15
3. Avg. Alternate Routes: 0.500
Backtracks Performed: 0
========================================

========================================
SIMULATION METRICS
========================================
1. Route Length (Hops): 3
2. Sum of Vertex Degrees: 26
3. Avg. Alternate Routes: 2.000
Backtracks Performed: 0
========================================

========================================
SIMULATION METRICS
========================================
1. Route Length (Hops): 4
2. Sum of Vertex Degrees: 27
3. Avg. Alternate Routes: 1.333
Backtracks Performed: 0
========================================

========================================
SIMULATION METRICS
========================================
1. Route Length (Hops): 5
2. Sum of Vertex Degrees: 32
3. Avg. Alternate Routes: 1.750
Backtracks Performed: 0
========================================

========================================
SIMULATION METRICS
========================================
1. Route Length (Hops): 6
2. Sum of Vertex Degrees: 37
3. Avg. Alternate Routes: 1.800
Backtracks Performed: 0
========================================

========================================
SIMULATION METRICS
========================================
1. Route Length (Hops): 5
2. Sum of Vertex Degrees: 31
3. Avg. Alternate Routes: 1.000
Backtracks Performed: 0
========================================

========================================
SIMULATION METRICS
========================================
1. Route Length (Hops): 6
2. Sum of Vertex Degrees: 36
3. Avg. Alternate Routes: 1.000
Backtracks Performed: 0
========================================

========================================
SIMULATION METRICS
========================================
1. Route Length (Hops): 2
2. Sum of Vertex Degrees: 9
3. Avg. Alternate Routes: 2.000
Backtracks Performed: 0
========================================

========================================
SIMULATION METRICS
========================================
1. Route Length (Hops): 3
2. Sum of Vertex Degrees: 16
3. Avg. Alternate Routes: 1.500
Backtracks Performed: 0
========================================

========================================
SIMULATION METRICS
========================================
1. Route Length (Hops): 3
2. Sum of Vertex Degrees: 25
3. Avg. Alternate Routes: 3.000
Backtracks Performed: 0
========================================

========================================
SIMULATION METRICS
========================================
1. Route Length (Hops): 4
2. Sum of Vertex Degrees: 30
3. Avg. Alternate Routes: 3.000
Backtracks Performed: 0
========================================

========================================
SIMULATION METRICS
========================================
1. Route Length (Hops): 2
2. Sum of Vertex Degrees: 9
3. Avg. Alternate Routes: 1.000
Backtracks Performed: 0
========================================

========================================
SIMULATION METRICS
========================================
1. Route Length (Hops): 3
2. Sum of Vertex Degrees: 21
3. Avg. Alternate Routes: 1.500
Backtracks Performed: 0
========================================

========================================
SIMULATION METRICS
========================================
1. Route Length (Hops): 4
2. Sum of Vertex Degrees: 29
3. Avg. Alternate Routes: 2.000
Backtracks Performed: 0
========================================

========================================
SIMULATION METRICS
========================================
1. Route Length (Hops): 5
2. Sum of Vertex Degrees: 34
3. Avg. Alternate Routes: 2.000
Backtracks Performed: 0
========================================

========================================
SIMULATION METRICS
========================================
1. Route Length (Hops): 4
2. Sum of Vertex Degrees: 21
3. Avg. Alternate Routes: 1.000
Backtracks Performed: 0
========================================

========================================
SIMULATION METRICS
========================================
1. Route Length (Hops): 5
2. Sum of Vertex Degrees: 33
3. Avg. Alternate Routes: 1.000
Backtracks Performed: 6
========================================

========================================
SIMULATION METRICS
========================================
1. Route Length (Hops): 3
2. Sum of Vertex Degrees: 19
3. Avg. Alternate Routes: 2.000
Backtracks Performed: 0
========================================

========================================
SIMULATION METRICS
========================================
1. Route Length (Hops): 4
2. Sum of Vertex Degrees: 32
3. Avg. Alternate Routes: 2.000
Backtracks Performed: 0
========================================

========================================
SIMULATION METRICS
========================================
1. Route Length (Hops): 3
2. Sum of Vertex Degrees: 25
3. Avg. Alternate Routes: 1.000
Backtracks Performed: 0
========================================

========================================
SIMULATION METRICS
========================================
1. Route Length (Hops): 4
2. Sum of Vertex Degrees: 30
3. Avg. Alternate Routes: 1.000
Backtracks Performed: 0
========================================

========================================
SIMULATION METRICS
========================================
1. Route Length (Hops): 4
2. Sum of Vertex Degrees: 26
3. Avg. Alternate Routes: 1.333
Backtracks Performed: 0
========================================

========================================
SIMULATION METRICS
========================================
1. Route Length (Hops): 6
2. Sum of Vertex Degrees: 35
3. Avg. Alternate Routes: 1.400
Backtracks Performed: 0
========================================

========================================
SIMULATION METRICS
========================================
1. Route Length (Hops): 3
2. Sum of Vertex Degrees: 25
3. Avg. Alternate Routes: 2.000
Backtracks Performed: 0
========================================

========================================
SIMULATION METRICS
========================================
1. Route Length (Hops): 4
2. Sum of Vertex Degrees: 29
3. Avg. Alternate Routes: 2.000
Backtracks Performed: 0
========================================

========================================
SIMULATION METRICS
========================================
1. Route Length (Hops): 3
2. Sum of Vertex Degrees: 16
3. Avg. Alternate Routes: 2.000
Backtracks Performed: 0
========================================

========================================
SIMULATION METRICS
========================================
1. Route Length (Hops): 4
2. Sum of Vertex Degrees: 22
3. Avg. Alternate Routes: 2.000
Backtracks Performed: 0
========================================

========================================
SIMULATION METRICS
========================================
1. Route Length (Hops): 2
2. Sum of Vertex Degrees: 22
3. Avg. Alternate Routes: 4.000
Backtracks Performed: 0
========================================

========================================
SIMULATION METRICS
========================================
1. Route Length (Hops): 3
2. Sum of Vertex Degrees: 26
3. Avg. Alternate Routes: 3.000
Backtracks Performed: 0
========================================

========================================
SIMULATION METRICS
========================================
1. Route Length (Hops): 4
2. Sum of Vertex Degrees: 21
3. Avg. Alternate Routes: 1.000
Backtracks Performed: 0
========================================

========================================
SIMULATION METRICS
========================================
1. Route Length (Hops): 5
2. Sum of Vertex Degrees: 24
3. Avg. Alternate Routes: 1.000
Backtracks Performed: 0
========================================

========================================
SIMULATION METRICS
========================================
1. Route Length (Hops): 2
2. Sum of Vertex Degrees: 14
3. Avg. Alternate Routes: 3.000
Backtracks Performed: 0
========================================

========================================
SIMULATION METRICS
========================================
1. Route Length (Hops): 3
2. Sum of Vertex Degrees: 26
3. Avg. Alternate Routes: 3.000
Backtracks Performed: 0
========================================

========================================
SIMULATION METRICS
========================================
1. Route Length (Hops): 3
2. Sum of Vertex Degrees: 19
3. Avg. Alternate Routes: 1.000
Backtracks Performed: 0
========================================

========================================
SIMULATION METRICS
========================================
1. Route Length (Hops): 4
2. Sum of Vertex Degrees: 22
3. Avg. Alternate Routes: 1.000
Backtracks Performed: 0
========================================

========================================
SIMULATION METRICS
========================================
1. Route Length (Hops): 3
2. Sum of Vertex Degrees: 25
3. Avg. Alternate Routes: 2.000
Backtracks Performed: 0
========================================

========================================
SIMULATION METRICS
========================================
1. Route Length (Hops): 5
2. Sum of Vertex Degrees: 33
3. Avg. Alternate Routes: 1.500
Backtracks Performed: 0
========================================

========================================
SIMULATION METRICS
========================================
1. Route Length (Hops): 3
2. Sum of Vertex Degrees: 25
3. Avg. Alternate Routes: 2.000
Backtracks Performed: 0
========================================

========================================
SIMULATION METRICS
========================================
1. Route Length (Hops): 4
2. Sum of Vertex Degrees: 30
3. Avg. Alternate Routes: 2.000
Backtracks Performed: 0
========================================

========================================
SIMULATION METRICS
========================================
1. Route Length (Hops): 3
2. Sum of Vertex Degrees: 22
3. Avg. Alternate Routes: 2.000
Backtracks Performed: 0
========================================

========================================
SIMULATION METRICS
========================================
1. Route Length (Hops): 4
2. Sum of Vertex Degrees: 25
3. Avg. Alternate Routes: 1.667
Backtracks Performed: 0
========================================

========================================
SIMULATION METRICS
========================================
1. Route Length (Hops): 2
2. Sum of Vertex Degrees: 13
3. Avg. Alternate Routes: 2.000
Backtracks Performed: 0
========================================

========================================
SIMULATION METRICS
========================================
1. Route Length (Hops): 3
2. Sum of Vertex Degrees: 25
3. Avg. Alternate Routes: 2.500
Backtracks Performed: 0
========================================

========================================
SIMULATION METRICS
========================================
1. Route Length (Hops): 3
2. Sum of Vertex Degrees: 25
3. Avg. Alternate Routes: 2.000
Backtracks Performed: 0
========================================

========================================
SIMULATION METRICS
========================================
1. Route Length (Hops): 4
2. Sum of Vertex Degrees: 28
3. Avg. Alternate Routes: 1.667
Backtracks Performed: 0
========================================

========================================
SIMULATION METRICS
========================================
1. Route Length (Hops): 4
2. Sum of Vertex Degrees: 21
3. Avg. Alternate Routes: 2.000
Backtracks Performed: 0
========================================

========================================
SIMULATION METRICS
========================================
1. Route Length (Hops): 5
2. Sum of Vertex Degrees: 25
3. Avg. Alternate Routes: 2.000
Backtracks Performed: 0
========================================

========================================
SIMULATION METRICS
========================================
1. Route Length (Hops): 2
2. Sum of Vertex Degrees: 18
3. Avg. Alternate Routes: 2.000
Backtracks Performed: 0
========================================

========================================
SIMULATION METRICS
========================================
1. Route Length (Hops): 4
2. Sum of Vertex Degrees: 28
3. Avg. Alternate Routes: 1.667
Backtracks Performed: 0
========================================

========================================
SIMULATION METRICS
========================================
1. Route Length (Hops): 3
2. Sum of Vertex Degrees: 25
3. Avg. Alternate Routes: 2.000
Backtracks Performed: 0
========================================

========================================
SIMULATION METRICS
========================================
1. Route Length (Hops): 4
2. Sum of Vertex Degrees: 29
3. Avg. Alternate Routes: 2.000
Backtracks Performed: 0
========================================

========================================
SIMULATION METRICS
========================================
1. Route Length (Hops): 3
2. Sum of Vertex Degrees: 25
3. Avg. Alternate Routes: 1.000
Backtracks Performed: 0
========================================

========================================
SIMULATION METRICS
========================================
1. Route Length (Hops): 4
2. Sum of Vertex Degrees: 28
3. Avg. Alternate Routes: 1.000
Backtracks Performed: 0
========================================

========================================
SIMULATION METRICS
========================================
1. Route Length (Hops): 3
2. Sum of Vertex Degrees: 19
3. Avg. Alternate Routes: 3.000
Backtracks Performed: 0
========================================

========================================
SIMULATION METRICS
========================================
1. Route Length (Hops): 4
2. Sum of Vertex Degrees: 31
3. Avg. Alternate Routes: 3.000
Backtracks Performed: 0
========================================

========================================
SIMULATION METRICS
========================================
1. Route Length (Hops): 3
2. Sum of Vertex Degrees: 25
3. Avg. Alternate Routes: 3.000
Backtracks Performed: 0
========================================

========================================
SIMULATION METRICS
========================================
1. Route Length (Hops): 3
2. Sum of Vertex Degrees: 18
3. Avg. Alternate Routes: 3.000
Backtracks Performed: 0
========================================
Current Algorithm: MaxFlowRouting with lambda=0.2

========================================
SIMULATION METRICS
========================================
1. Route Length (Hops): 4
2. Sum of Vertex Degrees: 30
3. Avg. Alternate Routes: 2.000
Backtracks Performed: 0
========================================

========================================
SIMULATION METRICS
========================================
1. Route Length (Hops): 5
2. Sum of Vertex Degrees: 33
3. Avg. Alternate Routes: 1.750
Backtracks Performed: 0
========================================

========================================
SIMULATION METRICS
========================================
1. Route Length (Hops): 3
2. Sum of Vertex Degrees: 17
3. Avg. Alternate Routes: 1.000
Backtracks Performed: 0
========================================

========================================
SIMULATION METRICS
========================================
1. Route Length (Hops): 3
2. Sum of Vertex Degrees: 15
3. Avg. Alternate Routes: 0.500
Backtracks Performed: 38
========================================

========================================
SIMULATION METRICS
========================================
1. Route Length (Hops): 3
2. Sum of Vertex Degrees: 26
3. Avg. Alternate Routes: 2.000
Backtracks Performed: 0
========================================

========================================
SIMULATION METRICS
========================================
1. Route Length (Hops): 4
2. Sum of Vertex Degrees: 29
3. Avg. Alternate Routes: 1.667
Backtracks Performed: 0
========================================

========================================
SIMULATION METRICS
========================================
1. Route Length (Hops): 5
2. Sum of Vertex Degrees: 32
3. Avg. Alternate Routes: 1.750
Backtracks Performed: 0
========================================

========================================
SIMULATION METRICS
========================================
1. Route Length (Hops): 6
2. Sum of Vertex Degrees: 34
3. Avg. Alternate Routes: 1.400
Backtracks Performed: 0
========================================

========================================
SIMULATION METRICS
========================================
1. Route Length (Hops): 5
2. Sum of Vertex Degrees: 31
3. Avg. Alternate Routes: 1.000
Backtracks Performed: 0
========================================

========================================
SIMULATION METRICS
========================================
1. Route Length (Hops): 7
2. Sum of Vertex Degrees: 39
3. Avg. Alternate Routes: 0.833
Backtracks Performed: 0
========================================

========================================
SIMULATION METRICS
========================================
1. Route Length (Hops): 2
2. Sum of Vertex Degrees: 9
3. Avg. Alternate Routes: 2.000
Backtracks Performed: 0
========================================

========================================
SIMULATION METRICS
========================================
1. Route Length (Hops): 4
2. Sum of Vertex Degrees: 28
3. Avg. Alternate Routes: 2.000
Backtracks Performed: 0
========================================

========================================
SIMULATION METRICS
========================================
1. Route Length (Hops): 3
2. Sum of Vertex Degrees: 25
3. Avg. Alternate Routes: 3.000
Backtracks Performed: 0
========================================

========================================
SIMULATION METRICS
========================================
1. Route Length (Hops): 4
2. Sum of Vertex Degrees: 30
3. Avg. Alternate Routes: 3.000
Backtracks Performed: 0
========================================

========================================
SIMULATION METRICS
========================================
1. Route Length (Hops): 2
2. Sum of Vertex Degrees: 9
3. Avg. Alternate Routes: 1.000
Backtracks Performed: 0
========================================

========================================
SIMULATION METRICS
========================================
1. Route Length (Hops): 3
2. Sum of Vertex Degrees: 21
3. Avg. Alternate Routes: 1.000
Backtracks Performed: 0
========================================

========================================
SIMULATION METRICS
========================================
1. Route Length (Hops): 4
2. Sum of Vertex Degrees: 29
3. Avg. Alternate Routes: 2.000
Backtracks Performed: 0
========================================

========================================
SIMULATION METRICS
========================================
1. Route Length (Hops): 5
2. Sum of Vertex Degrees: 33
3. Avg. Alternate Routes: 2.000
Backtracks Performed: 0
========================================

========================================
SIMULATION METRICS
========================================
1. Route Length (Hops): 4
2. Sum of Vertex Degrees: 21
3. Avg. Alternate Routes: 1.000
Backtracks Performed: 0
========================================

========================================
SIMULATION METRICS
========================================
1. Route Length (Hops): 5
2. Sum of Vertex Degrees: 33
3. Avg. Alternate Routes: 1.000
Backtracks Performed: 6
========================================

========================================
SIMULATION METRICS
========================================
1. Route Length (Hops): 3
2. Sum of Vertex Degrees: 19
3. Avg. Alternate Routes: 2.000
Backtracks Performed: 0
========================================

========================================
SIMULATION METRICS
========================================
1. Route Length (Hops): 4
2. Sum of Vertex Degrees: 32
3. Avg. Alternate Routes: 2.000
Backtracks Performed: 0
========================================

========================================
SIMULATION METRICS
========================================
1. Route Length (Hops): 3
2. Sum of Vertex Degrees: 25
3. Avg. Alternate Routes: 1.000
Backtracks Performed: 0
========================================

========================================
SIMULATION METRICS
========================================
1. Route Length (Hops): 4
2. Sum of Vertex Degrees: 28
3. Avg. Alternate Routes: 1.000
Backtracks Performed: 0
========================================

========================================
SIMULATION METRICS
========================================
1. Route Length (Hops): 4
2. Sum of Vertex Degrees: 26
3. Avg. Alternate Routes: 1.333
Backtracks Performed: 0
========================================

========================================
SIMULATION METRICS
========================================
1. Route Length (Hops): 6
2. Sum of Vertex Degrees: 35
3. Avg. Alternate Routes: 1.400
Backtracks Performed: 0
========================================

========================================
SIMULATION METRICS
========================================
1. Route Length (Hops): 3
2. Sum of Vertex Degrees: 25
3. Avg. Alternate Routes: 2.000
Backtracks Performed: 0
========================================

========================================
SIMULATION METRICS
========================================
1. Route Length (Hops): 5
2. Sum of Vertex Degrees: 35
3. Avg. Alternate Routes: 1.750
Backtracks Performed: 0
========================================

========================================
SIMULATION METRICS
========================================
1. Route Length (Hops): 3
2. Sum of Vertex Degrees: 16
3. Avg. Alternate Routes: 2.000
Backtracks Performed: 0
========================================

========================================
SIMULATION METRICS
========================================
1. Route Length (Hops): 4
2. Sum of Vertex Degrees: 17
3. Avg. Alternate Routes: 1.333
Backtracks Performed: 0
========================================

========================================
SIMULATION METRICS
========================================
1. Route Length (Hops): 2
2. Sum of Vertex Degrees: 22
3. Avg. Alternate Routes: 4.000
Backtracks Performed: 0
========================================

========================================
SIMULATION METRICS
========================================
1. Route Length (Hops): 3
2. Sum of Vertex Degrees: 25
3. Avg. Alternate Routes: 2.500
Backtracks Performed: 0
========================================

========================================
SIMULATION METRICS
========================================
1. Route Length (Hops): 4
2. Sum of Vertex Degrees: 21
3. Avg. Alternate Routes: 1.000
Backtracks Performed: 0
========================================

========================================
SIMULATION METRICS
========================================
1. Route Length (Hops): 6
2. Sum of Vertex Degrees: 32
3. Avg. Alternate Routes: 1.000
Backtracks Performed: 0
========================================

========================================
SIMULATION METRICS
========================================
1. Route Length (Hops): 2
2. Sum of Vertex Degrees: 14
3. Avg. Alternate Routes: 3.000
Backtracks Performed: 0
========================================

========================================
SIMULATION METRICS
========================================
1. Route Length (Hops): 3
2. Sum of Vertex Degrees: 18
3. Avg. Alternate Routes: 2.500
Backtracks Performed: 0
========================================

========================================
SIMULATION METRICS
========================================
1. Route Length (Hops): 3
2. Sum of Vertex Degrees: 19
3. Avg. Alternate Routes: 1.000
Backtracks Performed: 0
========================================

========================================
SIMULATION METRICS
========================================
1. Route Length (Hops): 3
2. Sum of Vertex Degrees: 14
3. Avg. Alternate Routes: 0.500
Backtracks Performed: 0
========================================

========================================
SIMULATION METRICS
========================================
1. Route Length (Hops): 3
2. Sum of Vertex Degrees: 25
3. Avg. Alternate Routes: 2.000
Backtracks Performed: 0
========================================

========================================
SIMULATION METRICS
========================================
1. Route Length (Hops): 4
2. Sum of Vertex Degrees: 30
3. Avg. Alternate Routes: 2.000
Backtracks Performed: 0
========================================

========================================
SIMULATION METRICS
========================================
1. Route Length (Hops): 3
2. Sum of Vertex Degrees: 25
3. Avg. Alternate Routes: 2.000
Backtracks Performed: 0
========================================

========================================
SIMULATION METRICS
========================================
1. Route Length (Hops): 4
2. Sum of Vertex Degrees: 29
3. Avg. Alternate Routes: 2.000
Backtracks Performed: 0
========================================

========================================
SIMULATION METRICS
========================================
1. Route Length (Hops): 3
2. Sum of Vertex Degrees: 22
3. Avg. Alternate Routes: 2.000
Backtracks Performed: 0
========================================

========================================
SIMULATION METRICS
========================================
1. Route Length (Hops): 4
2. Sum of Vertex Degrees: 25
3. Avg. Alternate Routes: 1.667
Backtracks Performed: 0
========================================

========================================
SIMULATION METRICS
========================================
1. Route Length (Hops): 2
2. Sum of Vertex Degrees: 13
3. Avg. Alternate Routes: 2.000
Backtracks Performed: 0
========================================

========================================
SIMULATION METRICS
========================================
1. Route Length (Hops): 3
2. Sum of Vertex Degrees: 16
3. Avg. Alternate Routes: 1.500
Backtracks Performed: 0
========================================

========================================
SIMULATION METRICS
========================================
1. Route Length (Hops): 3
2. Sum of Vertex Degrees: 25
3. Avg. Alternate Routes: 2.000
Backtracks Performed: 0
========================================

========================================
SIMULATION METRICS
========================================
1. Route Length (Hops): 4
2. Sum of Vertex Degrees: 29
3. Avg. Alternate Routes: 2.000
Backtracks Performed: 0
========================================

========================================
SIMULATION METRICS
========================================
1. Route Length (Hops): 4
2. Sum of Vertex Degrees: 21
3. Avg. Alternate Routes: 2.000
Backtracks Performed: 0
========================================

========================================
SIMULATION METRICS
========================================
1. Route Length (Hops): 5
2. Sum of Vertex Degrees: 24
3. Avg. Alternate Routes: 1.750
Backtracks Performed: 0
========================================

========================================
SIMULATION METRICS
========================================
1. Route Length (Hops): 2
2. Sum of Vertex Degrees: 18
3. Avg. Alternate Routes: 2.000
Backtracks Performed: 0
========================================

========================================
SIMULATION METRICS
========================================
1. Route Length (Hops): 4
2. Sum of Vertex Degrees: 28
3. Avg. Alternate Routes: 1.667
Backtracks Performed: 0
========================================

========================================
SIMULATION METRICS
========================================
1. Route Length (Hops): 3
2. Sum of Vertex Degrees: 25
3. Avg. Alternate Routes: 2.000
Backtracks Performed: 0
========================================

========================================
SIMULATION METRICS
========================================
1. Route Length (Hops): 4
2. Sum of Vertex Degrees: 21
3. Avg. Alternate Routes: 1.333
Backtracks Performed: 0
========================================

========================================
SIMULATION METRICS
========================================
1. Route Length (Hops): 3
2. Sum of Vertex Degrees: 25
3. Avg. Alternate Routes: 1.000
Backtracks Performed: 0
========================================

========================================
SIMULATION METRICS
========================================
1. Route Length (Hops): 4
2. Sum of Vertex Degrees: 28
3. Avg. Alternate Routes: 1.000
Backtracks Performed: 0
========================================

========================================
SIMULATION METRICS
========================================
1. Route Length (Hops): 3
2. Sum of Vertex Degrees: 19
3. Avg. Alternate Routes: 3.000
Backtracks Performed: 0
========================================

========================================
SIMULATION METRICS
========================================
1. Route Length (Hops): 3
2. Sum of Vertex Degrees: 24
3. Avg. Alternate Routes: 3.000
Backtracks Performed: 0
========================================

========================================
SIMULATION METRICS
========================================
1. Route Length (Hops): 3
2. Sum of Vertex Degrees: 25
3. Avg. Alternate Routes: 3.000
Backtracks Performed: 0
========================================

========================================
SIMULATION METRICS
========================================
1. Route Length (Hops): 4
2. Sum of Vertex Degrees: 32
3. Avg. Alternate Routes: 3.000
Backtracks Performed: 0
========================================
Current Algorithm: MaxFlowRouting with lambda=0.5

========================================
SIMULATION METRICS
========================================
1. Route Length (Hops): 4
2. Sum of Vertex Degrees: 30
3. Avg. Alternate Routes: 2.000
Backtracks Performed: 0
========================================

========================================
SIMULATION METRICS
========================================
1. Route Length (Hops): 5
2. Sum of Vertex Degrees: 30
3. Avg. Alternate Routes: 1.000
Backtracks Performed: 0
========================================

========================================
SIMULATION METRICS
========================================
1. Route Length (Hops): 3
2. Sum of Vertex Degrees: 17
3. Avg. Alternate Routes: 1.000
Backtracks Performed: 0
========================================

========================================
SIMULATION METRICS
========================================
1. Route Length (Hops): 3
2. Sum of Vertex Degrees: 15
3. Avg. Alternate Routes: 0.500
Backtracks Performed: 0
========================================

========================================
SIMULATION METRICS
========================================
1. Route Length (Hops): 3
2. Sum of Vertex Degrees: 26
3. Avg. Alternate Routes: 2.000
Backtracks Performed: 0
========================================

========================================
SIMULATION METRICS
========================================
1. Route Length (Hops): 4
2. Sum of Vertex Degrees: 27
3. Avg. Alternate Routes: 1.333
Backtracks Performed: 0
========================================

========================================
SIMULATION METRICS
========================================
1. Route Length (Hops): 5
2. Sum of Vertex Degrees: 32
3. Avg. Alternate Routes: 1.750
Backtracks Performed: 0
========================================

========================================
SIMULATION METRICS
========================================
1. Route Length (Hops): 6
2. Sum of Vertex Degrees: 37
3. Avg. Alternate Routes: 1.800
Backtracks Performed: 0
========================================

========================================
SIMULATION METRICS
========================================
1. Route Length (Hops): 5
2. Sum of Vertex Degrees: 31
3. Avg. Alternate Routes: 1.000
Backtracks Performed: 0
========================================

========================================
SIMULATION METRICS
========================================
1. Route Length (Hops): 5
2. Sum of Vertex Degrees: 31
3. Avg. Alternate Routes: 1.000
Backtracks Performed: 0
========================================

========================================
SIMULATION METRICS
========================================
1. Route Length (Hops): 2
2. Sum of Vertex Degrees: 9
3. Avg. Alternate Routes: 2.000
Backtracks Performed: 0
========================================

========================================
SIMULATION METRICS
========================================
1. Route Length (Hops): 4
2. Sum of Vertex Degrees: 28
3. Avg. Alternate Routes: 2.000
Backtracks Performed: 0
========================================

========================================
SIMULATION METRICS
========================================
1. Route Length (Hops): 3
2. Sum of Vertex Degrees: 25
3. Avg. Alternate Routes: 3.000
Backtracks Performed: 0
========================================

========================================
SIMULATION METRICS
========================================
1. Route Length (Hops): 4
2. Sum of Vertex Degrees: 28
3. Avg. Alternate Routes: 2.333
Backtracks Performed: 0
========================================

========================================
SIMULATION METRICS
========================================
1. Route Length (Hops): 2
2. Sum of Vertex Degrees: 9
3. Avg. Alternate Routes: 1.000
Backtracks Performed: 0
========================================

========================================
SIMULATION METRICS
========================================
1. Route Length (Hops): 3
2. Sum of Vertex Degrees: 21
3. Avg. Alternate Routes: 1.000
Backtracks Performed: 0
========================================

========================================
SIMULATION METRICS
========================================
1. Route Length (Hops): 4
2. Sum of Vertex Degrees: 29
3. Avg. Alternate Routes: 2.000
Backtracks Performed: 0
========================================

========================================
SIMULATION METRICS
========================================
1. Route Length (Hops): 5
2. Sum of Vertex Degrees: 34
3. Avg. Alternate Routes: 2.000
Backtracks Performed: 0
========================================

========================================
SIMULATION METRICS
========================================
1. Route Length (Hops): 4
2. Sum of Vertex Degrees: 21
3. Avg. Alternate Routes: 1.000
Backtracks Performed: 0
========================================

========================================
SIMULATION METRICS
========================================
1. Route Length (Hops): 5
2. Sum of Vertex Degrees: 24
3. Avg. Alternate Routes: 1.000
Backtracks Performed: 0
========================================

========================================
SIMULATION METRICS
========================================
1. Route Length (Hops): 3
2. Sum of Vertex Degrees: 19
3. Avg. Alternate Routes: 2.000
Backtracks Performed: 0
========================================

========================================
SIMULATION METRICS
========================================
1. Route Length (Hops): 4
2. Sum of Vertex Degrees: 23
3. Avg. Alternate Routes: 2.000
Backtracks Performed: 0
========================================

========================================
SIMULATION METRICS
========================================
1. Route Length (Hops): 3
2. Sum of Vertex Degrees: 25
3. Avg. Alternate Routes: 1.000
Backtracks Performed: 0
========================================

========================================
SIMULATION METRICS
========================================
1. Route Length (Hops): 4
2. Sum of Vertex Degrees: 30
3. Avg. Alternate Routes: 1.000
Backtracks Performed: 0
========================================

========================================
SIMULATION METRICS
========================================
1. Route Length (Hops): 4
2. Sum of Vertex Degrees: 26
3. Avg. Alternate Routes: 1.333
Backtracks Performed: 0
========================================

========================================
SIMULATION METRICS
========================================
1. Route Length (Hops): 5
2. Sum of Vertex Degrees: 31
3. Avg. Alternate Routes: 1.500
Backtracks Performed: 0
========================================

========================================
SIMULATION METRICS
========================================
1. Route Length (Hops): 3
2. Sum of Vertex Degrees: 25
3. Avg. Alternate Routes: 2.000
Backtracks Performed: 0
========================================

========================================
SIMULATION METRICS
========================================
1. Route Length (Hops): 6
2. Sum of Vertex Degrees: 41
3. Avg. Alternate Routes: 1.800
Backtracks Performed: 4
========================================

========================================
SIMULATION METRICS
========================================
1. Route Length (Hops): 3
2. Sum of Vertex Degrees: 16
3. Avg. Alternate Routes: 2.000
Backtracks Performed: 0
========================================

========================================
SIMULATION METRICS
========================================
1. Route Length (Hops): 4
2. Sum of Vertex Degrees: 22
3. Avg. Alternate Routes: 2.000
Backtracks Performed: 0
========================================

========================================
SIMULATION METRICS
========================================
1. Route Length (Hops): 2
2. Sum of Vertex Degrees: 22
3. Avg. Alternate Routes: 4.000
Backtracks Performed: 0
========================================

========================================
SIMULATION METRICS
========================================
1. Route Length (Hops): 3
2. Sum of Vertex Degrees: 27
3. Avg. Alternate Routes: 3.500
Backtracks Performed: 0
========================================

========================================
SIMULATION METRICS
========================================
1. Route Length (Hops): 4
2. Sum of Vertex Degrees: 21
3. Avg. Alternate Routes: 1.000
Backtracks Performed: 0
========================================

========================================
SIMULATION METRICS
========================================
1. Route Length (Hops): 5
2. Sum of Vertex Degrees: 33
3. Avg. Alternate Routes: 1.000
Backtracks Performed: 0
========================================

========================================
SIMULATION METRICS
========================================
1. Route Length (Hops): 2
2. Sum of Vertex Degrees: 14
3. Avg. Alternate Routes: 3.000
Backtracks Performed: 0
========================================

========================================
SIMULATION METRICS
========================================
1. Route Length (Hops): 3
2. Sum of Vertex Degrees: 18
3. Avg. Alternate Routes: 2.500
Backtracks Performed: 0
========================================

========================================
SIMULATION METRICS
========================================
1. Route Length (Hops): 3
2. Sum of Vertex Degrees: 19
3. Avg. Alternate Routes: 1.000
Backtracks Performed: 0
========================================

========================================
SIMULATION METRICS
========================================
1. Route Length (Hops): 4
2. Sum of Vertex Degrees: 22
3. Avg. Alternate Routes: 1.000
Backtracks Performed: 0
========================================

========================================
SIMULATION METRICS
========================================
1. Route Length (Hops): 3
2. Sum of Vertex Degrees: 25
3. Avg. Alternate Routes: 2.000
Backtracks Performed: 0
========================================

========================================
SIMULATION METRICS
========================================
1. Route Length (Hops): 9
2. Sum of Vertex Degrees: 49
3. Avg. Alternate Routes: 1.375
Backtracks Performed: 13
========================================

========================================
SIMULATION METRICS
========================================
1. Route Length (Hops): 3
2. Sum of Vertex Degrees: 25
3. Avg. Alternate Routes: 2.000
Backtracks Performed: 0
========================================

========================================
SIMULATION METRICS
========================================
1. Route Length (Hops): 4
2. Sum of Vertex Degrees: 29
3. Avg. Alternate Routes: 2.000
Backtracks Performed: 0
========================================

========================================
SIMULATION METRICS
========================================
1. Route Length (Hops): 3
2. Sum of Vertex Degrees: 22
3. Avg. Alternate Routes: 2.000
Backtracks Performed: 0
========================================

========================================
SIMULATION METRICS
========================================
1. Route Length (Hops): 4
2. Sum of Vertex Degrees: 25
3. Avg. Alternate Routes: 1.667
Backtracks Performed: 0
========================================

========================================
SIMULATION METRICS
========================================
1. Route Length (Hops): 2
2. Sum of Vertex Degrees: 13
3. Avg. Alternate Routes: 2.000
Backtracks Performed: 0
========================================

========================================
SIMULATION METRICS
========================================
1. Route Length (Hops): 3
2. Sum of Vertex Degrees: 16
3. Avg. Alternate Routes: 1.500
Backtracks Performed: 0
========================================

========================================
SIMULATION METRICS
========================================
1. Route Length (Hops): 3
2. Sum of Vertex Degrees: 25
3. Avg. Alternate Routes: 2.000
Backtracks Performed: 0
========================================

========================================
SIMULATION METRICS
========================================
1. Route Length (Hops): 4
2. Sum of Vertex Degrees: 29
3. Avg. Alternate Routes: 2.000
Backtracks Performed: 0
========================================

========================================
SIMULATION METRICS
========================================
1. Route Length (Hops): 4
2. Sum of Vertex Degrees: 21
3. Avg. Alternate Routes: 2.000
Backtracks Performed: 0
========================================

========================================
SIMULATION METRICS
========================================
1. Route Length (Hops): 4
2. Sum of Vertex Degrees: 20
3. Avg. Alternate Routes: 2.000
Backtracks Performed: 0
========================================

========================================
SIMULATION METRICS
========================================
1. Route Length (Hops): 2
2. Sum of Vertex Degrees: 18
3. Avg. Alternate Routes: 2.000
Backtracks Performed: 0
========================================

========================================
SIMULATION METRICS
========================================
1. Route Length (Hops): 7
2. Sum of Vertex Degrees: 46
3. Avg. Alternate Routes: 1.833
Backtracks Performed: 2
========================================

========================================
SIMULATION METRICS
========================================
1. Route Length (Hops): 3
2. Sum of Vertex Degrees: 25
3. Avg. Alternate Routes: 2.000
Backtracks Performed: 0
========================================

========================================
SIMULATION METRICS
========================================
1. Route Length (Hops): 4
2. Sum of Vertex Degrees: 29
3. Avg. Alternate Routes: 2.000
Backtracks Performed: 0
========================================

========================================
SIMULATION METRICS
========================================
1. Route Length (Hops): 3
2. Sum of Vertex Degrees: 25
3. Avg. Alternate Routes: 1.000
Backtracks Performed: 0
========================================

========================================
SIMULATION METRICS
========================================
1. Route Length (Hops): 4
2. Sum of Vertex Degrees: 30
3. Avg. Alternate Routes: 1.000
Backtracks Performed: 0
========================================

========================================
SIMULATION METRICS
========================================
1. Route Length (Hops): 3
2. Sum of Vertex Degrees: 19
3. Avg. Alternate Routes: 3.000
Backtracks Performed: 0
========================================

========================================
SIMULATION METRICS
========================================
1. Route Length (Hops): 3
2. Sum of Vertex Degrees: 24
3. Avg. Alternate Routes: 3.000
Backtracks Performed: 0
========================================

========================================
SIMULATION METRICS
========================================
1. Route Length (Hops): 3
2. Sum of Vertex Degrees: 25
3. Avg. Alternate Routes: 3.000
Backtracks Performed: 0
========================================

========================================
SIMULATION METRICS
========================================
1. Route Length (Hops): 3
2. Sum of Vertex Degrees: 18
3. Avg. Alternate Routes: 3.000
Backtracks Performed: 0
========================================
Current Algorithm: MaxFlowRouting with lambda=0.8

========================================
SIMULATION METRICS
========================================
1. Route Length (Hops): 4
2. Sum of Vertex Degrees: 30
3. Avg. Alternate Routes: 2.000
Backtracks Performed: 0
========================================

========================================
SIMULATION METRICS
========================================
1. Route Length (Hops): 5
2. Sum of Vertex Degrees: 30
3. Avg. Alternate Routes: 1.000
Backtracks Performed: 0
========================================

========================================
SIMULATION METRICS
========================================
1. Route Length (Hops): 3
2. Sum of Vertex Degrees: 17
3. Avg. Alternate Routes: 1.000
Backtracks Performed: 0
========================================

========================================
SIMULATION METRICS
========================================
1. Route Length (Hops): 3
2. Sum of Vertex Degrees: 15
3. Avg. Alternate Routes: 0.500
Backtracks Performed: 38
========================================

========================================
SIMULATION METRICS
========================================
1. Route Length (Hops): 3
2. Sum of Vertex Degrees: 26
3. Avg. Alternate Routes: 2.000
Backtracks Performed: 0
========================================

========================================
SIMULATION METRICS
========================================
1. Route Length (Hops): 4
2. Sum of Vertex Degrees: 29
3. Avg. Alternate Routes: 1.667
Backtracks Performed: 0
========================================

========================================
SIMULATION METRICS
========================================
1. Route Length (Hops): 5
2. Sum of Vertex Degrees: 32
3. Avg. Alternate Routes: 1.750
Backtracks Performed: 0
========================================

========================================
SIMULATION METRICS
========================================
1. Route Length (Hops): 6
2. Sum of Vertex Degrees: 37
3. Avg. Alternate Routes: 1.800
Backtracks Performed: 0
========================================

========================================
SIMULATION METRICS
========================================
1. Route Length (Hops): 5
2. Sum of Vertex Degrees: 31
3. Avg. Alternate Routes: 1.000
Backtracks Performed: 0
========================================

========================================
SIMULATION METRICS
========================================
1. Route Length (Hops): 6
2. Sum of Vertex Degrees: 34
3. Avg. Alternate Routes: 1.000
Backtracks Performed: 0
========================================

========================================
SIMULATION METRICS
========================================
1. Route Length (Hops): 2
2. Sum of Vertex Degrees: 9
3. Avg. Alternate Routes: 2.000
Backtracks Performed: 0
========================================

========================================
SIMULATION METRICS
========================================
1. Route Length (Hops): 3
2. Sum of Vertex Degrees: 16
3. Avg. Alternate Routes: 1.500
Backtracks Performed: 0
========================================

========================================
SIMULATION METRICS
========================================
1. Route Length (Hops): 3
2. Sum of Vertex Degrees: 25
3. Avg. Alternate Routes: 3.000
Backtracks Performed: 0
========================================

========================================
SIMULATION METRICS
========================================
1. Route Length (Hops): 4
2. Sum of Vertex Degrees: 30
3. Avg. Alternate Routes: 3.000
Backtracks Performed: 0
========================================

========================================
SIMULATION METRICS
========================================
1. Route Length (Hops): 2
2. Sum of Vertex Degrees: 9
3. Avg. Alternate Routes: 1.000
Backtracks Performed: 0
========================================

========================================
SIMULATION METRICS
========================================
1. Route Length (Hops): 3
2. Sum of Vertex Degrees: 21
3. Avg. Alternate Routes: 1.000
Backtracks Performed: 0
========================================

========================================
SIMULATION METRICS
========================================
1. Route Length (Hops): 4
2. Sum of Vertex Degrees: 29
3. Avg. Alternate Routes: 2.000
Backtracks Performed: 0
========================================

========================================
SIMULATION METRICS
========================================
1. Route Length (Hops): 5
2. Sum of Vertex Degrees: 29
3. Avg. Alternate Routes: 1.000
Backtracks Performed: 0
========================================

========================================
SIMULATION METRICS
========================================
1. Route Length (Hops): 4
2. Sum of Vertex Degrees: 21
3. Avg. Alternate Routes: 1.000
Backtracks Performed: 0
========================================

========================================
SIMULATION METRICS
========================================
1. Route Length (Hops): 4
2. Sum of Vertex Degrees: 23
3. Avg. Alternate Routes: 1.000
Backtracks Performed: 0
========================================

========================================
SIMULATION METRICS
========================================
1. Route Length (Hops): 3
2. Sum of Vertex Degrees: 19
3. Avg. Alternate Routes: 2.000
Backtracks Performed: 0
========================================

========================================
SIMULATION METRICS
========================================
1. Route Length (Hops): 4
2. Sum of Vertex Degrees: 23
3. Avg. Alternate Routes: 2.000
Backtracks Performed: 0
========================================

========================================
SIMULATION METRICS
========================================
1. Route Length (Hops): 3
2. Sum of Vertex Degrees: 25
3. Avg. Alternate Routes: 1.000
Backtracks Performed: 0
========================================

========================================
SIMULATION METRICS
========================================
1. Route Length (Hops): 4
2. Sum of Vertex Degrees: 28
3. Avg. Alternate Routes: 1.000
Backtracks Performed: 0
========================================

========================================
SIMULATION METRICS
========================================
1. Route Length (Hops): 5
2. Sum of Vertex Degrees: 31
3. Avg. Alternate Routes: 1.500
Backtracks Performed: 0
========================================

========================================
SIMULATION METRICS
========================================
1. Route Length (Hops): 13
2. Sum of Vertex Degrees: 63
3. Avg. Alternate Routes: 1.417
Backtracks Performed: 8
========================================

========================================
SIMULATION METRICS
========================================
1. Route Length (Hops): 3
2. Sum of Vertex Degrees: 25
3. Avg. Alternate Routes: 2.000
Backtracks Performed: 0
========================================

========================================
SIMULATION METRICS
========================================
1. Route Length (Hops): 6
2. Sum of Vertex Degrees: 41
3. Avg. Alternate Routes: 1.800
Backtracks Performed: 4
========================================

========================================
SIMULATION METRICS
========================================
1. Route Length (Hops): 3
2. Sum of Vertex Degrees: 16
3. Avg. Alternate Routes: 2.000
Backtracks Performed: 0
========================================

========================================
SIMULATION METRICS
========================================
1. Route Length (Hops): 4
2. Sum of Vertex Degrees: 17
3. Avg. Alternate Routes: 1.333
Backtracks Performed: 0
========================================

========================================
SIMULATION METRICS
========================================
1. Route Length (Hops): 2
2. Sum of Vertex Degrees: 22
3. Avg. Alternate Routes: 4.000
Backtracks Performed: 0
========================================

========================================
SIMULATION METRICS
========================================
1. Route Length (Hops): 3
2. Sum of Vertex Degrees: 25
3. Avg. Alternate Routes: 2.500
Backtracks Performed: 0
========================================

========================================
SIMULATION METRICS
========================================
1. Route Length (Hops): 4
2. Sum of Vertex Degrees: 21
3. Avg. Alternate Routes: 1.000
Backtracks Performed: 0
========================================

========================================
SIMULATION METRICS
========================================
1. Route Length (Hops): 5
2. Sum of Vertex Degrees: 24
3. Avg. Alternate Routes: 1.000
Backtracks Performed: 0
========================================

========================================
SIMULATION METRICS
========================================
1. Route Length (Hops): 2
2. Sum of Vertex Degrees: 14
3. Avg. Alternate Routes: 3.000
Backtracks Performed: 0
========================================

========================================
SIMULATION METRICS
========================================
1. Route Length (Hops): 3
2. Sum of Vertex Degrees: 18
3. Avg. Alternate Routes: 2.500
Backtracks Performed: 0
========================================

========================================
SIMULATION METRICS
========================================
1. Route Length (Hops): 3
2. Sum of Vertex Degrees: 19
3. Avg. Alternate Routes: 1.000
Backtracks Performed: 0
========================================

========================================
SIMULATION METRICS
========================================
1. Route Length (Hops): 4
2. Sum of Vertex Degrees: 31
3. Avg. Alternate Routes: 1.000
Backtracks Performed: 0
========================================

========================================
SIMULATION METRICS
========================================
1. Route Length (Hops): 3
2. Sum of Vertex Degrees: 25
3. Avg. Alternate Routes: 2.000
Backtracks Performed: 0
========================================

========================================
SIMULATION METRICS
========================================
1. Route Length (Hops): 9
2. Sum of Vertex Degrees: 49
3. Avg. Alternate Routes: 1.375
Backtracks Performed: 13
========================================

========================================
SIMULATION METRICS
========================================
1. Route Length (Hops): 3
2. Sum of Vertex Degrees: 25
3. Avg. Alternate Routes: 2.000
Backtracks Performed: 0
========================================

========================================
SIMULATION METRICS
========================================
1. Route Length (Hops): 4
2. Sum of Vertex Degrees: 29
3. Avg. Alternate Routes: 2.000
Backtracks Performed: 0
========================================

========================================
SIMULATION METRICS
========================================
1. Route Length (Hops): 3
2. Sum of Vertex Degrees: 22
3. Avg. Alternate Routes: 2.000
Backtracks Performed: 0
========================================

========================================
SIMULATION METRICS
========================================
1. Route Length (Hops): 4
2. Sum of Vertex Degrees: 25
3. Avg. Alternate Routes: 1.667
Backtracks Performed: 0
========================================

========================================
SIMULATION METRICS
========================================
1. Route Length (Hops): 2
2. Sum of Vertex Degrees: 13
3. Avg. Alternate Routes: 2.000
Backtracks Performed: 0
========================================

========================================
SIMULATION METRICS
========================================
1. Route Length (Hops): 3
2. Sum of Vertex Degrees: 25
3. Avg. Alternate Routes: 2.500
Backtracks Performed: 0
========================================

========================================
SIMULATION METRICS
========================================
1. Route Length (Hops): 3
2. Sum of Vertex Degrees: 25
3. Avg. Alternate Routes: 2.000
Backtracks Performed: 0
========================================

========================================
SIMULATION METRICS
========================================
1. Route Length (Hops): 4
2. Sum of Vertex Degrees: 29
3. Avg. Alternate Routes: 2.000
Backtracks Performed: 0
========================================

========================================
SIMULATION METRICS
========================================
1. Route Length (Hops): 4
2. Sum of Vertex Degrees: 21
3. Avg. Alternate Routes: 2.000
Backtracks Performed: 0
========================================

========================================
SIMULATION METRICS
========================================
1. Route Length (Hops): 5
2. Sum of Vertex Degrees: 25
3. Avg. Alternate Routes: 2.000
Backtracks Performed: 0
========================================

========================================
SIMULATION METRICS
========================================
1. Route Length (Hops): 2
2. Sum of Vertex Degrees: 18
3. Avg. Alternate Routes: 2.000
Backtracks Performed: 0
========================================

========================================
SIMULATION METRICS
========================================
1. Route Length (Hops): 3
2. Sum of Vertex Degrees: 11
3. Avg. Alternate Routes: 0.500
Backtracks Performed: 0
========================================

========================================
SIMULATION METRICS
========================================
1. Route Length (Hops): 3
2. Sum of Vertex Degrees: 25
3. Avg. Alternate Routes: 2.000
Backtracks Performed: 0
========================================

========================================
SIMULATION METRICS
========================================
1. Route Length (Hops): 4
2. Sum of Vertex Degrees: 29
3. Avg. Alternate Routes: 2.000
Backtracks Performed: 0
========================================

========================================
SIMULATION METRICS
========================================
1. Route Length (Hops): 3
2. Sum of Vertex Degrees: 25
3. Avg. Alternate Routes: 1.000
Backtracks Performed: 0
========================================

========================================
SIMULATION METRICS
========================================
1. Route Length (Hops): 4
2. Sum of Vertex Degrees: 30
3. Avg. Alternate Routes: 1.000
Backtracks Performed: 0
========================================

========================================
SIMULATION METRICS
========================================
1. Route Length (Hops): 3
2. Sum of Vertex Degrees: 19
3. Avg. Alternate Routes: 3.000
Backtracks Performed: 0
========================================

========================================
SIMULATION METRICS
========================================
1. Route Length (Hops): 3
2. Sum of Vertex Degrees: 24
3. Avg. Alternate Routes: 3.000
Backtracks Performed: 0
========================================

========================================
SIMULATION METRICS
========================================
1. Route Length (Hops): 3
2. Sum of Vertex Degrees: 25
3. Avg. Alternate Routes: 3.000
Backtracks Performed: 0
========================================

========================================
SIMULATION METRICS
========================================
1. Route Length (Hops): 6
2. Sum of Vertex Degrees: 34
3. Avg. Alternate Routes: 1.600
Backtracks Performed: 0
========================================
Current Algorithm: Probabilistic MaxFlowRouting with lambda=0.5 and p=0.1

========================================
SIMULATION METRICS
========================================
1. Route Length (Hops): 4
2. Sum of Vertex Degrees: 30
3. Avg. Alternate Routes: 2.000
Backtracks Performed: 0
========================================

========================================
SIMULATION METRICS
========================================
1. Route Length (Hops): 5
2. Sum of Vertex Degrees: 33
3. Avg. Alternate Routes: 1.750
Backtracks Performed: 0
========================================

========================================
SIMULATION METRICS
========================================
1. Route Length (Hops): 3
2. Sum of Vertex Degrees: 17
3. Avg. Alternate Routes: 1.000
Backtracks Performed: 0
========================================

========================================
SIMULATION METRICS
========================================
1. Route Length (Hops): 3
2. Sum of Vertex Degrees: 15
3. Avg. Alternate Routes: 0.500
Backtracks Performed: 0
========================================

========================================
SIMULATION METRICS
========================================
1. Route Length (Hops): 3
2. Sum of Vertex Degrees: 26
3. Avg. Alternate Routes: 2.000
Backtracks Performed: 0
========================================

========================================
SIMULATION METRICS
========================================
1. Route Length (Hops): 4
2. Sum of Vertex Degrees: 29
3. Avg. Alternate Routes: 1.667
Backtracks Performed: 0
========================================

========================================
SIMULATION METRICS
========================================
1. Route Length (Hops): 5
2. Sum of Vertex Degrees: 32
3. Avg. Alternate Routes: 1.750
Backtracks Performed: 0
========================================

========================================
SIMULATION METRICS
========================================
1. Route Length (Hops): 6
2. Sum of Vertex Degrees: 37
3. Avg. Alternate Routes: 1.800
Backtracks Performed: 0
========================================

========================================
SIMULATION METRICS
========================================
1. Route Length (Hops): 5
2. Sum of Vertex Degrees: 31
3. Avg. Alternate Routes: 1.000
Backtracks Performed: 0
========================================

========================================
SIMULATION METRICS
========================================
1. Route Length (Hops): 7
2. Sum of Vertex Degrees: 39
3. Avg. Alternate Routes: 0.833
Backtracks Performed: 19
========================================

========================================
SIMULATION METRICS
========================================
1. Route Length (Hops): 2
2. Sum of Vertex Degrees: 9
3. Avg. Alternate Routes: 2.000
Backtracks Performed: 0
========================================

========================================
SIMULATION METRICS
========================================
1. Route Length (Hops): 4
2. Sum of Vertex Degrees: 28
3. Avg. Alternate Routes: 2.000
Backtracks Performed: 0
========================================

========================================
SIMULATION METRICS
========================================
1. Route Length (Hops): 3
2. Sum of Vertex Degrees: 25
3. Avg. Alternate Routes: 3.000
Backtracks Performed: 0
========================================

========================================
SIMULATION METRICS
========================================
1. Route Length (Hops): 4
2. Sum of Vertex Degrees: 28
3. Avg. Alternate Routes: 2.333
Backtracks Performed: 0
========================================

========================================
SIMULATION METRICS
========================================
1. Route Length (Hops): 2
2. Sum of Vertex Degrees: 9
3. Avg. Alternate Routes: 1.000
Backtracks Performed: 0
========================================

========================================
SIMULATION METRICS
========================================
1. Route Length (Hops): 3
2. Sum of Vertex Degrees: 21
3. Avg. Alternate Routes: 1.500
Backtracks Performed: 0
========================================

========================================
SIMULATION METRICS
========================================
1. Route Length (Hops): 4
2. Sum of Vertex Degrees: 29
3. Avg. Alternate Routes: 2.000
Backtracks Performed: 0
========================================

========================================
SIMULATION METRICS
========================================
1. Route Length (Hops): 5
2. Sum of Vertex Degrees: 34
3. Avg. Alternate Routes: 2.000
Backtracks Performed: 0
========================================

========================================
SIMULATION METRICS
========================================
1. Route Length (Hops): 4
2. Sum of Vertex Degrees: 21
3. Avg. Alternate Routes: 1.000
Backtracks Performed: 0
========================================

========================================
SIMULATION METRICS
========================================
1. Route Length (Hops): 4
2. Sum of Vertex Degrees: 23
3. Avg. Alternate Routes: 1.000
Backtracks Performed: 0
========================================

========================================
SIMULATION METRICS
========================================
1. Route Length (Hops): 3
2. Sum of Vertex Degrees: 19
3. Avg. Alternate Routes: 2.000
Backtracks Performed: 0
========================================

========================================
SIMULATION METRICS
========================================
1. Route Length (Hops): 4
2. Sum of Vertex Degrees: 23
3. Avg. Alternate Routes: 2.000
Backtracks Performed: 0
========================================

========================================
SIMULATION METRICS
========================================
1. Route Length (Hops): 3
2. Sum of Vertex Degrees: 25
3. Avg. Alternate Routes: 1.000
Backtracks Performed: 0
========================================

========================================
SIMULATION METRICS
========================================
1. Route Length (Hops): 4
2. Sum of Vertex Degrees: 30
3. Avg. Alternate Routes: 1.000
Backtracks Performed: 0
========================================

========================================
SIMULATION METRICS
========================================
1. Route Length (Hops): 5
2. Sum of Vertex Degrees: 31
3. Avg. Alternate Routes: 1.500
Backtracks Performed: 0
========================================

========================================
SIMULATION METRICS
========================================
1. Route Length (Hops): 6
2. Sum of Vertex Degrees: 32
3. Avg. Alternate Routes: 1.200
Backtracks Performed: 0
========================================

========================================
SIMULATION METRICS
========================================
1. Route Length (Hops): 3
2. Sum of Vertex Degrees: 25
3. Avg. Alternate Routes: 2.000
Backtracks Performed: 0
========================================

========================================
SIMULATION METRICS
========================================
1. Route Length (Hops): 6
2. Sum of Vertex Degrees: 41
3. Avg. Alternate Routes: 1.800
Backtracks Performed: 4
========================================

========================================
SIMULATION METRICS
========================================
1. Route Length (Hops): 3
2. Sum of Vertex Degrees: 16
3. Avg. Alternate Routes: 2.000
Backtracks Performed: 0
========================================

========================================
SIMULATION METRICS
========================================
1. Route Length (Hops): 4
2. Sum of Vertex Degrees: 17
3. Avg. Alternate Routes: 1.333
Backtracks Performed: 0
========================================

========================================
SIMULATION METRICS
========================================
1. Route Length (Hops): 2
2. Sum of Vertex Degrees: 22
3. Avg. Alternate Routes: 4.000
Backtracks Performed: 0
========================================

========================================
SIMULATION METRICS
========================================
1. Route Length (Hops): 3
2. Sum of Vertex Degrees: 25
3. Avg. Alternate Routes: 2.500
Backtracks Performed: 0
========================================

========================================
SIMULATION METRICS
========================================
1. Route Length (Hops): 4
2. Sum of Vertex Degrees: 21
3. Avg. Alternate Routes: 1.000
Backtracks Performed: 0
========================================

========================================
SIMULATION METRICS
========================================
1. Route Length (Hops): 5
2. Sum of Vertex Degrees: 33
3. Avg. Alternate Routes: 1.000
Backtracks Performed: 0
========================================

========================================
SIMULATION METRICS
========================================
1. Route Length (Hops): 2
2. Sum of Vertex Degrees: 14
3. Avg. Alternate Routes: 3.000
Backtracks Performed: 0
========================================

========================================
SIMULATION METRICS
========================================
1. Route Length (Hops): 3
2. Sum of Vertex Degrees: 26
3. Avg. Alternate Routes: 3.000
Backtracks Performed: 0
========================================

========================================
SIMULATION METRICS
========================================
1. Route Length (Hops): 3
2. Sum of Vertex Degrees: 19
3. Avg. Alternate Routes: 1.000
Backtracks Performed: 0
========================================

========================================
SIMULATION METRICS
========================================
1. Route Length (Hops): 5
2. Sum of Vertex Degrees: 22
3. Avg. Alternate Routes: 0.500
Backtracks Performed: 0
========================================

========================================
SIMULATION METRICS
========================================
1. Route Length (Hops): 3
2. Sum of Vertex Degrees: 25
3. Avg. Alternate Routes: 2.000
Backtracks Performed: 0
========================================

========================================
SIMULATION METRICS
========================================
1. Route Length (Hops): 9
2. Sum of Vertex Degrees: 49
3. Avg. Alternate Routes: 1.375
Backtracks Performed: 13
========================================

========================================
SIMULATION METRICS
========================================
1. Route Length (Hops): 3
2. Sum of Vertex Degrees: 25
3. Avg. Alternate Routes: 2.000
Backtracks Performed: 0
========================================

========================================
SIMULATION METRICS
========================================
1. Route Length (Hops): 4
2. Sum of Vertex Degrees: 29
3. Avg. Alternate Routes: 2.000
Backtracks Performed: 0
========================================

========================================
SIMULATION METRICS
========================================
1. Route Length (Hops): 3
2. Sum of Vertex Degrees: 22
3. Avg. Alternate Routes: 2.000
Backtracks Performed: 0
========================================

========================================
SIMULATION METRICS
========================================
1. Route Length (Hops): 4
2. Sum of Vertex Degrees: 27
3. Avg. Alternate Routes: 2.000
Backtracks Performed: 0
========================================

========================================
SIMULATION METRICS
========================================
1. Route Length (Hops): 2
2. Sum of Vertex Degrees: 13
3. Avg. Alternate Routes: 2.000
Backtracks Performed: 0
========================================

========================================
SIMULATION METRICS
========================================
1. Route Length (Hops): 3
2. Sum of Vertex Degrees: 25
3. Avg. Alternate Routes: 2.500
Backtracks Performed: 0
========================================

========================================
SIMULATION METRICS
========================================
1. Route Length (Hops): 3
2. Sum of Vertex Degrees: 25
3. Avg. Alternate Routes: 2.000
Backtracks Performed: 0
========================================

========================================
SIMULATION METRICS
========================================
1. Route Length (Hops): 4
2. Sum of Vertex Degrees: 29
3. Avg. Alternate Routes: 2.000
Backtracks Performed: 0
========================================

========================================
SIMULATION METRICS
========================================
1. Route Length (Hops): 4
2. Sum of Vertex Degrees: 21
3. Avg. Alternate Routes: 2.000
Backtracks Performed: 0
========================================

========================================
SIMULATION METRICS
========================================
1. Route Length (Hops): 4
2. Sum of Vertex Degrees: 20
3. Avg. Alternate Routes: 2.000
Backtracks Performed: 0
========================================

========================================
SIMULATION METRICS
========================================
1. Route Length (Hops): 2
2. Sum of Vertex Degrees: 18
3. Avg. Alternate Routes: 2.000
Backtracks Performed: 0
========================================

========================================
SIMULATION METRICS
========================================
1. Route Length (Hops): 7
2. Sum of Vertex Degrees: 46
3. Avg. Alternate Routes: 1.833
Backtracks Performed: 2
========================================

========================================
SIMULATION METRICS
========================================
1. Route Length (Hops): 3
2. Sum of Vertex Degrees: 25
3. Avg. Alternate Routes: 2.000
Backtracks Performed: 0
========================================

========================================
SIMULATION METRICS
========================================
1. Route Length (Hops): 4
2. Sum of Vertex Degrees: 29
3. Avg. Alternate Routes: 2.000
Backtracks Performed: 0
========================================

========================================
SIMULATION METRICS
========================================
1. Route Length (Hops): 3
2. Sum of Vertex Degrees: 25
3. Avg. Alternate Routes: 1.000
Backtracks Performed: 0
========================================

========================================
SIMULATION METRICS
========================================
1. Route Length (Hops): 5
2. Sum of Vertex Degrees: 33
3. Avg. Alternate Routes: 0.750
Backtracks Performed: 25
========================================

========================================
SIMULATION METRICS
========================================
1. Route Length (Hops): 3
2. Sum of Vertex Degrees: 19
3. Avg. Alternate Routes: 3.000
Backtracks Performed: 0
========================================

========================================
SIMULATION METRICS
========================================
1. Route Length (Hops): 3
2. Sum of Vertex Degrees: 21
3. Avg. Alternate Routes: 2.000
Backtracks Performed: 0
========================================

========================================
SIMULATION METRICS
========================================
1. Route Length (Hops): 3
2. Sum of Vertex Degrees: 25
3. Avg. Alternate Routes: 3.000
Backtracks Performed: 0
========================================

========================================
SIMULATION METRICS
========================================
1. Route Length (Hops): 4
2. Sum of Vertex Degrees: 32
3. Avg. Alternate Routes: 3.000
Backtracks Performed: 0
========================================
Current Algorithm: Probabilistic MaxFlowRouting with lambda=1 and p=0.1

========================================
SIMULATION METRICS
========================================
1. Route Length (Hops): 4
2. Sum of Vertex Degrees: 30
3. Avg. Alternate Routes: 2.000
Backtracks Performed: 0
========================================

========================================
SIMULATION METRICS
========================================
1. Route Length (Hops): 5
2. Sum of Vertex Degrees: 33
3. Avg. Alternate Routes: 1.750
Backtracks Performed: 0
========================================

========================================
SIMULATION METRICS
========================================
1. Route Length (Hops): 3
2. Sum of Vertex Degrees: 17
3. Avg. Alternate Routes: 1.000
Backtracks Performed: 0
========================================

========================================
SIMULATION METRICS
========================================
1. Route Length (Hops): 4
2. Sum of Vertex Degrees: 13
3. Avg. Alternate Routes: 0.667
Backtracks Performed: 0
========================================

========================================
SIMULATION METRICS
========================================
1. Route Length (Hops): 3
2. Sum of Vertex Degrees: 26
3. Avg. Alternate Routes: 2.000
Backtracks Performed: 0
========================================

========================================
SIMULATION METRICS
========================================
1. Route Length (Hops): 4
2. Sum of Vertex Degrees: 31
3. Avg. Alternate Routes: 2.000
Backtracks Performed: 0
========================================

========================================
SIMULATION METRICS
========================================
1. Route Length (Hops): 5
2. Sum of Vertex Degrees: 32
3. Avg. Alternate Routes: 1.750
Backtracks Performed: 0
========================================

========================================
SIMULATION METRICS
========================================
1. Route Length (Hops): 6
2. Sum of Vertex Degrees: 32
3. Avg. Alternate Routes: 1.000
Backtracks Performed: 0
========================================

========================================
SIMULATION METRICS
========================================
1. Route Length (Hops): 5
2. Sum of Vertex Degrees: 31
3. Avg. Alternate Routes: 1.000
Backtracks Performed: 0
========================================

========================================
SIMULATION METRICS
========================================
1. Route Length (Hops): 6
2. Sum of Vertex Degrees: 34
3. Avg. Alternate Routes: 1.000
Backtracks Performed: 0
========================================

========================================
SIMULATION METRICS
========================================
1. Route Length (Hops): 2
2. Sum of Vertex Degrees: 9
3. Avg. Alternate Routes: 2.000
Backtracks Performed: 0
========================================

========================================
SIMULATION METRICS
========================================
1. Route Length (Hops): 3
2. Sum of Vertex Degrees: 16
3. Avg. Alternate Routes: 1.500
Backtracks Performed: 0
========================================

========================================
SIMULATION METRICS
========================================
1. Route Length (Hops): 3
2. Sum of Vertex Degrees: 25
3. Avg. Alternate Routes: 3.000
Backtracks Performed: 0
========================================

========================================
SIMULATION METRICS
========================================
1. Route Length (Hops): 4
2. Sum of Vertex Degrees: 28
3. Avg. Alternate Routes: 2.333
Backtracks Performed: 0
========================================

========================================
SIMULATION METRICS
========================================
1. Route Length (Hops): 2
2. Sum of Vertex Degrees: 9
3. Avg. Alternate Routes: 1.000
Backtracks Performed: 0
========================================

========================================
SIMULATION METRICS
========================================
1. Route Length (Hops): 3
2. Sum of Vertex Degrees: 21
3. Avg. Alternate Routes: 1.500
Backtracks Performed: 0
========================================

========================================
SIMULATION METRICS
========================================
1. Route Length (Hops): 4
2. Sum of Vertex Degrees: 29
3. Avg. Alternate Routes: 2.000
Backtracks Performed: 0
========================================

========================================
SIMULATION METRICS
========================================
1. Route Length (Hops): 5
2. Sum of Vertex Degrees: 33
3. Avg. Alternate Routes: 2.000
Backtracks Performed: 0
========================================

========================================
SIMULATION METRICS
========================================
1. Route Length (Hops): 4
2. Sum of Vertex Degrees: 21
3. Avg. Alternate Routes: 1.000
Backtracks Performed: 0
========================================

========================================
SIMULATION METRICS
========================================
1. Route Length (Hops): 5
2. Sum of Vertex Degrees: 24
3. Avg. Alternate Routes: 1.000
Backtracks Performed: 0
========================================

========================================
SIMULATION METRICS
========================================
1. Route Length (Hops): 3
2. Sum of Vertex Degrees: 19
3. Avg. Alternate Routes: 2.000
Backtracks Performed: 0
========================================

========================================
SIMULATION METRICS
========================================
1. Route Length (Hops): 4
2. Sum of Vertex Degrees: 32
3. Avg. Alternate Routes: 2.000
Backtracks Performed: 0
========================================

========================================
SIMULATION METRICS
========================================
1. Route Length (Hops): 3
2. Sum of Vertex Degrees: 25
3. Avg. Alternate Routes: 1.000
Backtracks Performed: 0
========================================

========================================
SIMULATION METRICS
========================================
1. Route Length (Hops): 4
2. Sum of Vertex Degrees: 28
3. Avg. Alternate Routes: 1.000
Backtracks Performed: 0
========================================

========================================
SIMULATION METRICS
========================================
1. Route Length (Hops): 5
2. Sum of Vertex Degrees: 31
3. Avg. Alternate Routes: 1.500
Backtracks Performed: 0
========================================

========================================
SIMULATION METRICS
========================================
1. Route Length (Hops): 6
2. Sum of Vertex Degrees: 32
3. Avg. Alternate Routes: 1.200
Backtracks Performed: 0
========================================

========================================
SIMULATION METRICS
========================================
1. Route Length (Hops): 3
2. Sum of Vertex Degrees: 25
3. Avg. Alternate Routes: 2.000
Backtracks Performed: 0
========================================

========================================
SIMULATION METRICS
========================================
1. Route Length (Hops): 6
2. Sum of Vertex Degrees: 41
3. Avg. Alternate Routes: 1.800
Backtracks Performed: 4
========================================

========================================
SIMULATION METRICS
========================================
1. Route Length (Hops): 3
2. Sum of Vertex Degrees: 16
3. Avg. Alternate Routes: 2.000
Backtracks Performed: 0
========================================

========================================
SIMULATION METRICS
========================================
1. Route Length (Hops): 4
2. Sum of Vertex Degrees: 17
3. Avg. Alternate Routes: 1.333
Backtracks Performed: 0
========================================

========================================
SIMULATION METRICS
========================================
1. Route Length (Hops): 2
2. Sum of Vertex Degrees: 22
3. Avg. Alternate Routes: 4.000
Backtracks Performed: 0
========================================

========================================
SIMULATION METRICS
========================================
1. Route Length (Hops): 3
2. Sum of Vertex Degrees: 27
3. Avg. Alternate Routes: 3.500
Backtracks Performed: 0
========================================

========================================
SIMULATION METRICS
========================================
1. Route Length (Hops): 4
2. Sum of Vertex Degrees: 21
3. Avg. Alternate Routes: 1.000
Backtracks Performed: 0
========================================

========================================
SIMULATION METRICS
========================================
1. Route Length (Hops): 5
2. Sum of Vertex Degrees: 33
3. Avg. Alternate Routes: 1.000
Backtracks Performed: 0
========================================

========================================
SIMULATION METRICS
========================================
1. Route Length (Hops): 2
2. Sum of Vertex Degrees: 14
3. Avg. Alternate Routes: 3.000
Backtracks Performed: 0
========================================

========================================
SIMULATION METRICS
========================================
1. Route Length (Hops): 3
2. Sum of Vertex Degrees: 26
3. Avg. Alternate Routes: 3.000
Backtracks Performed: 0
========================================

========================================
SIMULATION METRICS
========================================
1. Route Length (Hops): 3
2. Sum of Vertex Degrees: 19
3. Avg. Alternate Routes: 1.000
Backtracks Performed: 0
========================================

========================================
SIMULATION METRICS
========================================
1. Route Length (Hops): 5
2. Sum of Vertex Degrees: 22
3. Avg. Alternate Routes: 0.500
Backtracks Performed: 0
========================================

========================================
SIMULATION METRICS
========================================
1. Route Length (Hops): 3
2. Sum of Vertex Degrees: 25
3. Avg. Alternate Routes: 2.000
Backtracks Performed: 0
========================================

========================================
SIMULATION METRICS
========================================
1. Route Length (Hops): 4
2. Sum of Vertex Degrees: 29
3. Avg. Alternate Routes: 2.000
Backtracks Performed: 0
========================================

========================================
SIMULATION METRICS
========================================
1. Route Length (Hops): 3
2. Sum of Vertex Degrees: 25
3. Avg. Alternate Routes: 2.000
Backtracks Performed: 0
========================================

========================================
SIMULATION METRICS
========================================
1. Route Length (Hops): 4
2. Sum of Vertex Degrees: 29
3. Avg. Alternate Routes: 2.000
Backtracks Performed: 0
========================================

========================================
SIMULATION METRICS
========================================
1. Route Length (Hops): 3
2. Sum of Vertex Degrees: 22
3. Avg. Alternate Routes: 2.000
Backtracks Performed: 0
========================================

========================================
SIMULATION METRICS
========================================
1. Route Length (Hops): 3
2. Sum of Vertex Degrees: 23
3. Avg. Alternate Routes: 2.000
Backtracks Performed: 0
========================================

========================================
SIMULATION METRICS
========================================
1. Route Length (Hops): 2
2. Sum of Vertex Degrees: 13
3. Avg. Alternate Routes: 2.000
Backtracks Performed: 0
========================================

========================================
SIMULATION METRICS
========================================
1. Route Length (Hops): 3
2. Sum of Vertex Degrees: 25
3. Avg. Alternate Routes: 2.500
Backtracks Performed: 0
========================================

========================================
SIMULATION METRICS
========================================
1. Route Length (Hops): 3
2. Sum of Vertex Degrees: 25
3. Avg. Alternate Routes: 2.000
Backtracks Performed: 0
========================================

========================================
SIMULATION METRICS
========================================
1. Route Length (Hops): 4
2. Sum of Vertex Degrees: 29
3. Avg. Alternate Routes: 2.000
Backtracks Performed: 0
========================================

========================================
SIMULATION METRICS
========================================
1. Route Length (Hops): 4
2. Sum of Vertex Degrees: 21
3. Avg. Alternate Routes: 2.000
Backtracks Performed: 0
========================================

========================================
SIMULATION METRICS
========================================
1. Route Length (Hops): 4
2. Sum of Vertex Degrees: 25
3. Avg. Alternate Routes: 2.000
Backtracks Performed: 0
========================================

========================================
SIMULATION METRICS
========================================
1. Route Length (Hops): 2
2. Sum of Vertex Degrees: 18
3. Avg. Alternate Routes: 2.000
Backtracks Performed: 0
========================================

========================================
SIMULATION METRICS
========================================
1. Route Length (Hops): 3
2. Sum of Vertex Degrees: 11
3. Avg. Alternate Routes: 0.500
Backtracks Performed: 0
========================================

========================================
SIMULATION METRICS
========================================
1. Route Length (Hops): 3
2. Sum of Vertex Degrees: 25
3. Avg. Alternate Routes: 2.000
Backtracks Performed: 0
========================================

========================================
SIMULATION METRICS
========================================
1. Route Length (Hops): 4
2. Sum of Vertex Degrees: 29
3. Avg. Alternate Routes: 2.000
Backtracks Performed: 0
========================================

========================================
SIMULATION METRICS
========================================
1. Route Length (Hops): 3
2. Sum of Vertex Degrees: 25
3. Avg. Alternate Routes: 1.000
Backtracks Performed: 0
========================================

========================================
SIMULATION METRICS
========================================
1. Route Length (Hops): 4
2. Sum of Vertex Degrees: 28
3. Avg. Alternate Routes: 1.000
Backtracks Performed: 0
========================================

========================================
SIMULATION METRICS
========================================
1. Route Length (Hops): 3
2. Sum of Vertex Degrees: 19
3. Avg. Alternate Routes: 3.000
Backtracks Performed: 0
========================================

========================================
SIMULATION METRICS
========================================
1. Route Length (Hops): 3
2. Sum of Vertex Degrees: 24
3. Avg. Alternate Routes: 3.000
Backtracks Performed: 0
========================================

========================================
SIMULATION METRICS
========================================
1. Route Length (Hops): 3
2. Sum of Vertex Degrees: 25
3. Avg. Alternate Routes: 3.000
Backtracks Performed: 0
========================================

========================================
SIMULATION METRICS
========================================
1. Route Length (Hops): 6
2. Sum of Vertex Degrees: 34
3. Avg. Alternate Routes: 1.600
Backtracks Performed: 0
========================================
Current Algorithm: Probabilistic MaxFlowRouting with lambda=2 and p=0.1

========================================
SIMULATION METRICS
========================================
1. Route Length (Hops): 4
2. Sum of Vertex Degrees: 30
3. Avg. Alternate Routes: 2.000
Backtracks Performed: 0
========================================

========================================
SIMULATION METRICS
========================================
1. Route Length (Hops): 5
2. Sum of Vertex Degrees: 35
3. Avg. Alternate Routes: 2.000
Backtracks Performed: 0
========================================

========================================
SIMULATION METRICS
========================================
1. Route Length (Hops): 3
2. Sum of Vertex Degrees: 17
3. Avg. Alternate Routes: 1.000
Backtracks Performed: 0
========================================

========================================
SIMULATION METRICS
========================================
1. Route Length (Hops): 4
2. Sum of Vertex Degrees: 13
3. Avg. Alternate Routes: 0.667
Backtracks Performed: 0
========================================

========================================
SIMULATION METRICS
========================================
1. Route Length (Hops): 3
2. Sum of Vertex Degrees: 26
3. Avg. Alternate Routes: 2.000
Backtracks Performed: 0
========================================

========================================
SIMULATION METRICS
========================================
1. Route Length (Hops): 4
2. Sum of Vertex Degrees: 29
3. Avg. Alternate Routes: 1.667
Backtracks Performed: 0
========================================

========================================
SIMULATION METRICS
========================================
1. Route Length (Hops): 5
2. Sum of Vertex Degrees: 32
3. Avg. Alternate Routes: 1.750
Backtracks Performed: 0
========================================

========================================
SIMULATION METRICS
========================================
1. Route Length (Hops): 6
2. Sum of Vertex Degrees: 32
3. Avg. Alternate Routes: 1.000
Backtracks Performed: 0
========================================

========================================
SIMULATION METRICS
========================================
1. Route Length (Hops): 5
2. Sum of Vertex Degrees: 31
3. Avg. Alternate Routes: 1.000
Backtracks Performed: 0
========================================

========================================
SIMULATION METRICS
========================================
1. Route Length (Hops): 5
2. Sum of Vertex Degrees: 31
3. Avg. Alternate Routes: 1.000
Backtracks Performed: 0
========================================

========================================
SIMULATION METRICS
========================================
1. Route Length (Hops): 2
2. Sum of Vertex Degrees: 9
3. Avg. Alternate Routes: 2.000
Backtracks Performed: 0
========================================

========================================
SIMULATION METRICS
========================================
1. Route Length (Hops): 3
2. Sum of Vertex Degrees: 16
3. Avg. Alternate Routes: 1.500
Backtracks Performed: 0
========================================

========================================
SIMULATION METRICS
========================================
1. Route Length (Hops): 3
2. Sum of Vertex Degrees: 25
3. Avg. Alternate Routes: 3.000
Backtracks Performed: 0
========================================

========================================
SIMULATION METRICS
========================================
1. Route Length (Hops): 6
2. Sum of Vertex Degrees: 34
3. Avg. Alternate Routes: 1.600
Backtracks Performed: 0
========================================

========================================
SIMULATION METRICS
========================================
1. Route Length (Hops): 2
2. Sum of Vertex Degrees: 9
3. Avg. Alternate Routes: 1.000
Backtracks Performed: 0
========================================

========================================
SIMULATION METRICS
========================================
1. Route Length (Hops): 3
2. Sum of Vertex Degrees: 21
3. Avg. Alternate Routes: 1.000
Backtracks Performed: 0
========================================

========================================
SIMULATION METRICS
========================================
1. Route Length (Hops): 4
2. Sum of Vertex Degrees: 29
3. Avg. Alternate Routes: 2.000
Backtracks Performed: 0
========================================

========================================
SIMULATION METRICS
========================================
1. Route Length (Hops): 5
2. Sum of Vertex Degrees: 29
3. Avg. Alternate Routes: 1.000
Backtracks Performed: 0
========================================

========================================
SIMULATION METRICS
========================================
1. Route Length (Hops): 4
2. Sum of Vertex Degrees: 21
3. Avg. Alternate Routes: 1.000
Backtracks Performed: 0
========================================

========================================
SIMULATION METRICS
========================================
1. Route Length (Hops): 4
2. Sum of Vertex Degrees: 23
3. Avg. Alternate Routes: 1.000
Backtracks Performed: 0
========================================

========================================
SIMULATION METRICS
========================================
1. Route Length (Hops): 3
2. Sum of Vertex Degrees: 19
3. Avg. Alternate Routes: 2.000
Backtracks Performed: 0
========================================

========================================
SIMULATION METRICS
========================================
1. Route Length (Hops): 4
2. Sum of Vertex Degrees: 32
3. Avg. Alternate Routes: 2.000
Backtracks Performed: 0
========================================

========================================
SIMULATION METRICS
========================================
1. Route Length (Hops): 3
2. Sum of Vertex Degrees: 25
3. Avg. Alternate Routes: 1.000
Backtracks Performed: 0
========================================

========================================
SIMULATION METRICS
========================================
1. Route Length (Hops): 4
2. Sum of Vertex Degrees: 28
3. Avg. Alternate Routes: 1.000
Backtracks Performed: 0
========================================

========================================
SIMULATION METRICS
========================================
1. Route Length (Hops): 5
2. Sum of Vertex Degrees: 31
3. Avg. Alternate Routes: 1.500
Backtracks Performed: 0
========================================

========================================
SIMULATION METRICS
========================================
1. Route Length (Hops): 6
2. Sum of Vertex Degrees: 36
3. Avg. Alternate Routes: 1.600
Backtracks Performed: 0
========================================

========================================
SIMULATION METRICS
========================================
1. Route Length (Hops): 3
2. Sum of Vertex Degrees: 25
3. Avg. Alternate Routes: 2.000
Backtracks Performed: 0
========================================

========================================
SIMULATION METRICS
========================================
1. Route Length (Hops): 4
2. Sum of Vertex Degrees: 29
3. Avg. Alternate Routes: 2.000
Backtracks Performed: 0
========================================

========================================
SIMULATION METRICS
========================================
1. Route Length (Hops): 3
2. Sum of Vertex Degrees: 16
3. Avg. Alternate Routes: 2.000
Backtracks Performed: 0
========================================

========================================
SIMULATION METRICS
========================================
1. Route Length (Hops): 4
2. Sum of Vertex Degrees: 22
3. Avg. Alternate Routes: 2.000
Backtracks Performed: 0
========================================

========================================
SIMULATION METRICS
========================================
1. Route Length (Hops): 2
2. Sum of Vertex Degrees: 22
3. Avg. Alternate Routes: 4.000
Backtracks Performed: 0
========================================

========================================
SIMULATION METRICS
========================================
1. Route Length (Hops): 3
2. Sum of Vertex Degrees: 27
3. Avg. Alternate Routes: 3.500
Backtracks Performed: 0
========================================

========================================
SIMULATION METRICS
========================================
1. Route Length (Hops): 4
2. Sum of Vertex Degrees: 21
3. Avg. Alternate Routes: 1.000
Backtracks Performed: 0
========================================

========================================
SIMULATION METRICS
========================================
1. Route Length (Hops): 5
2. Sum of Vertex Degrees: 33
3. Avg. Alternate Routes: 1.000
Backtracks Performed: 0
========================================

========================================
SIMULATION METRICS
========================================
1. Route Length (Hops): 2
2. Sum of Vertex Degrees: 14
3. Avg. Alternate Routes: 3.000
Backtracks Performed: 0
========================================

========================================
SIMULATION METRICS
========================================
1. Route Length (Hops): 3
2. Sum of Vertex Degrees: 18
3. Avg. Alternate Routes: 2.500
Backtracks Performed: 0
========================================

========================================
SIMULATION METRICS
========================================
1. Route Length (Hops): 3
2. Sum of Vertex Degrees: 19
3. Avg. Alternate Routes: 1.000
Backtracks Performed: 0
========================================

========================================
SIMULATION METRICS
========================================
1. Route Length (Hops): 4
2. Sum of Vertex Degrees: 31
3. Avg. Alternate Routes: 1.000
Backtracks Performed: 0
========================================

========================================
SIMULATION METRICS
========================================
1. Route Length (Hops): 3
2. Sum of Vertex Degrees: 25
3. Avg. Alternate Routes: 2.000
Backtracks Performed: 0
========================================

========================================
SIMULATION METRICS
========================================
1. Route Length (Hops): 4
2. Sum of Vertex Degrees: 30
3. Avg. Alternate Routes: 2.000
Backtracks Performed: 0
========================================

========================================
SIMULATION METRICS
========================================
1. Route Length (Hops): 3
2. Sum of Vertex Degrees: 25
3. Avg. Alternate Routes: 2.000
Backtracks Performed: 0
========================================

========================================
SIMULATION METRICS
========================================
1. Route Length (Hops): 4
2. Sum of Vertex Degrees: 29
3. Avg. Alternate Routes: 2.000
Backtracks Performed: 0
========================================

========================================
SIMULATION METRICS
========================================
1. Route Length (Hops): 3
2. Sum of Vertex Degrees: 22
3. Avg. Alternate Routes: 2.000
Backtracks Performed: 0
========================================

========================================
SIMULATION METRICS
========================================
1. Route Length (Hops): 4
2. Sum of Vertex Degrees: 27
3. Avg. Alternate Routes: 2.000
Backtracks Performed: 0
========================================

========================================
SIMULATION METRICS
========================================
1. Route Length (Hops): 2
2. Sum of Vertex Degrees: 13
3. Avg. Alternate Routes: 2.000
Backtracks Performed: 0
========================================

========================================
SIMULATION METRICS
========================================
1. Route Length (Hops): 3
2. Sum of Vertex Degrees: 25
3. Avg. Alternate Routes: 2.500
Backtracks Performed: 0
========================================

========================================
SIMULATION METRICS
========================================
1. Route Length (Hops): 3
2. Sum of Vertex Degrees: 25
3. Avg. Alternate Routes: 2.000
Backtracks Performed: 0
========================================

========================================
SIMULATION METRICS
========================================
1. Route Length (Hops): 4
2. Sum of Vertex Degrees: 29
3. Avg. Alternate Routes: 2.000
Backtracks Performed: 0
========================================

========================================
SIMULATION METRICS
========================================
1. Route Length (Hops): 4
2. Sum of Vertex Degrees: 21
3. Avg. Alternate Routes: 2.000
Backtracks Performed: 0
========================================

========================================
SIMULATION METRICS
========================================
1. Route Length (Hops): 4
2. Sum of Vertex Degrees: 20
3. Avg. Alternate Routes: 2.000
Backtracks Performed: 0
========================================

========================================
SIMULATION METRICS
========================================
1. Route Length (Hops): 2
2. Sum of Vertex Degrees: 18
3. Avg. Alternate Routes: 2.000
Backtracks Performed: 0
========================================

========================================
SIMULATION METRICS
========================================
1. Route Length (Hops): 3
2. Sum of Vertex Degrees: 11
3. Avg. Alternate Routes: 0.500
Backtracks Performed: 0
========================================

========================================
SIMULATION METRICS
========================================
1. Route Length (Hops): 3
2. Sum of Vertex Degrees: 25
3. Avg. Alternate Routes: 2.000
Backtracks Performed: 0
========================================

========================================
SIMULATION METRICS
========================================
1. Route Length (Hops): 4
2. Sum of Vertex Degrees: 29
3. Avg. Alternate Routes: 2.000
Backtracks Performed: 0
========================================

========================================
SIMULATION METRICS
========================================
1. Route Length (Hops): 3
2. Sum of Vertex Degrees: 25
3. Avg. Alternate Routes: 1.000
Backtracks Performed: 0
========================================

========================================
SIMULATION METRICS
========================================
1. Route Length (Hops): 5
2. Sum of Vertex Degrees: 33
3. Avg. Alternate Routes: 0.750
Backtracks Performed: 25
========================================

========================================
SIMULATION METRICS
========================================
1. Route Length (Hops): 3
2. Sum of Vertex Degrees: 19
3. Avg. Alternate Routes: 3.000
Backtracks Performed: 0
========================================

========================================
SIMULATION METRICS
========================================
1. Route Length (Hops): 3
2. Sum of Vertex Degrees: 21
3. Avg. Alternate Routes: 2.000
Backtracks Performed: 0
========================================

========================================
SIMULATION METRICS
========================================
1. Route Length (Hops): 3
2. Sum of Vertex Degrees: 25
3. Avg. Alternate Routes: 3.000
Backtracks Performed: 0
========================================

========================================
SIMULATION METRICS
========================================
1. Route Length (Hops): 4
2. Sum of Vertex Degrees: 32
3. Avg. Alternate Routes: 3.000
Backtracks Performed: 0
========================================
Current Algorithm: Arborescence Routing

========================================
SIMULATION METRICS
========================================
1. Route Length (Hops): 5
2. Sum of Vertex Degrees: 31
3. Avg. Alternate Routes: 1.500
Backtracks Performed: 0
========================================

========================================
SIMULATION METRICS
========================================
1. Route Length (Hops): 8
2. Sum of Vertex Degrees: 53
3. Avg. Alternate Routes: 1.429
Backtracks Performed: 0
========================================

========================================
SIMULATION METRICS
========================================
1. Route Length (Hops): 4
2. Sum of Vertex Degrees: 13
3. Avg. Alternate Routes: 0.667
Backtracks Performed: 0
========================================

========================================
SIMULATION METRICS
========================================
1. Route Length (Hops): 11
2. Sum of Vertex Degrees: 50
3. Avg. Alternate Routes: 0.700
Backtracks Performed: 0
========================================

========================================
SIMULATION METRICS
========================================
1. Route Length (Hops): 7
2. Sum of Vertex Degrees: 25
3. Avg. Alternate Routes: 0.667
Backtracks Performed: 0
========================================

========================================
SIMULATION METRICS
========================================
1. Route Length (Hops): 10
2. Sum of Vertex Degrees: 42
3. Avg. Alternate Routes: 0.667
Backtracks Performed: 0
========================================

========================================
SIMULATION METRICS
========================================
1. Route Length (Hops): 7
2. Sum of Vertex Degrees: 25
3. Avg. Alternate Routes: 0.833
Backtracks Performed: 0
========================================

========================================
SIMULATION METRICS
========================================
1. Route Length (Hops): 12
2. Sum of Vertex Degrees: 55
3. Avg. Alternate Routes: 0.636
Backtracks Performed: 0
========================================

========================================
SIMULATION METRICS
========================================
1. Route Length (Hops): 7
2. Sum of Vertex Degrees: 24
3. Avg. Alternate Routes: 0.500
Backtracks Performed: 0
========================================

========================================
SIMULATION METRICS
========================================
1. Route Length (Hops): 11
2. Sum of Vertex Degrees: 46
3. Avg. Alternate Routes: 0.500
Backtracks Performed: 0
========================================

========================================
SIMULATION METRICS
========================================
1. Route Length (Hops): 2
2. Sum of Vertex Degrees: 9
3. Avg. Alternate Routes: 2.000
Backtracks Performed: 0
========================================

========================================
SIMULATION METRICS
========================================
1. Route Length (Hops): 3
2. Sum of Vertex Degrees: 12
3. Avg. Alternate Routes: 1.500
Backtracks Performed: 0
========================================

========================================
SIMULATION METRICS
========================================
1. Route Length (Hops): 7
2. Sum of Vertex Degrees: 35
3. Avg. Alternate Routes: 1.333
Backtracks Performed: 0
========================================

========================================
SIMULATION METRICS
========================================
1. Route Length (Hops): 8
2. Sum of Vertex Degrees: 38
3. Avg. Alternate Routes: 1.286
Backtracks Performed: 0
========================================

========================================
SIMULATION METRICS
========================================
1. Route Length (Hops): 4
2. Sum of Vertex Degrees: 23
3. Avg. Alternate Routes: 1.000
Backtracks Performed: 0
========================================

========================================
SIMULATION METRICS
========================================
1. Route Length (Hops): 2
2. Sum of Vertex Degrees: 9
3. Avg. Alternate Routes: 1.000
Backtracks Performed: 0
========================================

========================================
SIMULATION METRICS
========================================
1. Route Length (Hops): 5
2. Sum of Vertex Degrees: 30
3. Avg. Alternate Routes: 1.500
Backtracks Performed: 0
========================================

========================================
SIMULATION METRICS
========================================
1. Route Length (Hops): 10
2. Sum of Vertex Degrees: 51
3. Avg. Alternate Routes: 1.333
Backtracks Performed: 0
========================================

========================================
SIMULATION METRICS
========================================
1. Route Length (Hops): 4
2. Sum of Vertex Degrees: 26
3. Avg. Alternate Routes: 1.000
Backtracks Performed: 0
========================================

========================================
SIMULATION METRICS
========================================
1. Route Length (Hops): 11
2. Sum of Vertex Degrees: 50
3. Avg. Alternate Routes: 0.900
Backtracks Performed: 0
========================================

========================================
SIMULATION METRICS
========================================
1. Route Length (Hops): 6
2. Sum of Vertex Degrees: 34
3. Avg. Alternate Routes: 1.600
Backtracks Performed: 0
========================================

========================================
SIMULATION METRICS
========================================
1. Route Length (Hops): 10
2. Sum of Vertex Degrees: 43
3. Avg. Alternate Routes: 1.111
Backtracks Performed: 0
========================================

========================================
SIMULATION METRICS
========================================
1. Route Length (Hops): 4
2. Sum of Vertex Degrees: 24
3. Avg. Alternate Routes: 0.667
Backtracks Performed: 0
========================================

========================================
SIMULATION METRICS
========================================
1. Route Length (Hops): 6
2. Sum of Vertex Degrees: 34
3. Avg. Alternate Routes: 1.000
Backtracks Performed: 0
========================================

========================================
SIMULATION METRICS
========================================
1. Route Length (Hops): 9
2. Sum of Vertex Degrees: 30
3. Avg. Alternate Routes: 0.750
Backtracks Performed: 0
========================================

========================================
SIMULATION METRICS
========================================
1. Route Length (Hops): 6
2. Sum of Vertex Degrees: 32
3. Avg. Alternate Routes: 1.200
Backtracks Performed: 0
========================================

========================================
SIMULATION METRICS
========================================
1. Route Length (Hops): 10
2. Sum of Vertex Degrees: 44
3. Avg. Alternate Routes: 1.111
Backtracks Performed: 0
========================================

========================================
SIMULATION METRICS
========================================
1. Route Length (Hops): 5
2. Sum of Vertex Degrees: 28
3. Avg. Alternate Routes: 1.500
Backtracks Performed: 0
========================================

========================================
SIMULATION METRICS
========================================
1. Route Length (Hops): 4
2. Sum of Vertex Degrees: 17
3. Avg. Alternate Routes: 1.333
Backtracks Performed: 0
========================================

========================================
SIMULATION METRICS
========================================
1. Route Length (Hops): 5
2. Sum of Vertex Degrees: 19
3. Avg. Alternate Routes: 0.750
Backtracks Performed: 0
========================================

========================================
SIMULATION METRICS
========================================
1. Route Length (Hops): 3
2. Sum of Vertex Degrees: 27
3. Avg. Alternate Routes: 3.500
Backtracks Performed: 0
========================================

========================================
SIMULATION METRICS
========================================
1. Route Length (Hops): 2
2. Sum of Vertex Degrees: 22
3. Avg. Alternate Routes: 4.000
Backtracks Performed: 0
========================================

========================================
SIMULATION METRICS
========================================
1. Route Length (Hops): 6
2. Sum of Vertex Degrees: 36
3. Avg. Alternate Routes: 1.000
Backtracks Performed: 0
========================================

========================================
SIMULATION METRICS
========================================
1. Route Length (Hops): 13
2. Sum of Vertex Degrees: 73
3. Avg. Alternate Routes: 0.167
Backtracks Performed: 0
========================================

========================================
SIMULATION METRICS
========================================
1. Route Length (Hops): 6
2. Sum of Vertex Degrees: 34
3. Avg. Alternate Routes: 2.000
Backtracks Performed: 0
========================================

========================================
SIMULATION METRICS
========================================
1. Route Length (Hops): 7
2. Sum of Vertex Degrees: 46
3. Avg. Alternate Routes: 2.167
Backtracks Performed: 0
========================================

========================================
SIMULATION METRICS
========================================
1. Route Length (Hops): 3
2. Sum of Vertex Degrees: 14
3. Avg. Alternate Routes: 0.500
Backtracks Performed: 0
========================================

========================================
SIMULATION METRICS
========================================
1. Route Length (Hops): 9
2. Sum of Vertex Degrees: 47
3. Avg. Alternate Routes: 0.750
Backtracks Performed: 0
========================================

========================================
SIMULATION METRICS
========================================
1. Route Length (Hops): 7
2. Sum of Vertex Degrees: 36
3. Avg. Alternate Routes: 1.333
Backtracks Performed: 0
========================================

========================================
SIMULATION METRICS
========================================
1. Route Length (Hops): 5
2. Sum of Vertex Degrees: 28
3. Avg. Alternate Routes: 1.500
Backtracks Performed: 0
========================================

========================================
SIMULATION METRICS
========================================
1. Route Length (Hops): 5
2. Sum of Vertex Degrees: 28
3. Avg. Alternate Routes: 1.500
Backtracks Performed: 0
========================================

========================================
SIMULATION METRICS
========================================
1. Route Length (Hops): 6
2. Sum of Vertex Degrees: 32
3. Avg. Alternate Routes: 1.200
Backtracks Performed: 0
========================================

========================================
SIMULATION METRICS
========================================
1. Route Length (Hops): 3
2. Sum of Vertex Degrees: 23
3. Avg. Alternate Routes: 2.000
Backtracks Performed: 0
========================================

========================================
SIMULATION METRICS
========================================
1. Route Length (Hops): 3
2. Sum of Vertex Degrees: 22
3. Avg. Alternate Routes: 2.000
Backtracks Performed: 0
========================================

========================================
SIMULATION METRICS
========================================
1. Route Length (Hops): 4
2. Sum of Vertex Degrees: 30
3. Avg. Alternate Routes: 2.667
Backtracks Performed: 0
========================================

========================================
SIMULATION METRICS
========================================
1. Route Length (Hops): 2
2. Sum of Vertex Degrees: 13
3. Avg. Alternate Routes: 2.000
Backtracks Performed: 0
========================================

========================================
SIMULATION METRICS
========================================
1. Route Length (Hops): 5
2. Sum of Vertex Degrees: 28
3. Avg. Alternate Routes: 1.500
Backtracks Performed: 0
========================================

========================================
SIMULATION METRICS
========================================
1. Route Length (Hops): 6
2. Sum of Vertex Degrees: 31
3. Avg. Alternate Routes: 1.400
Backtracks Performed: 0
========================================

========================================
SIMULATION METRICS
========================================
1. Route Length (Hops): 4
2. Sum of Vertex Degrees: 26
3. Avg. Alternate Routes: 2.000
Backtracks Performed: 0
========================================

========================================
SIMULATION METRICS
========================================
1. Route Length (Hops): 5
2. Sum of Vertex Degrees: 32
3. Avg. Alternate Routes: 2.000
Backtracks Performed: 0
========================================

========================================
SIMULATION METRICS
========================================
1. Route Length (Hops): 3
2. Sum of Vertex Degrees: 11
3. Avg. Alternate Routes: 0.500
Backtracks Performed: 0
========================================

========================================
SIMULATION METRICS
========================================
1. Route Length (Hops): 2
2. Sum of Vertex Degrees: 18
3. Avg. Alternate Routes: 2.000
Backtracks Performed: 0
========================================

========================================
SIMULATION METRICS
========================================
1. Route Length (Hops): 5
2. Sum of Vertex Degrees: 28
3. Avg. Alternate Routes: 1.500
Backtracks Performed: 0
========================================

========================================
SIMULATION METRICS
========================================
1. Route Length (Hops): 10
2. Sum of Vertex Degrees: 59
3. Avg. Alternate Routes: 1.000
Backtracks Performed: 0
========================================

========================================
SIMULATION METRICS
========================================
1. Route Length (Hops): 4
2. Sum of Vertex Degrees: 26
3. Avg. Alternate Routes: 0.667
Backtracks Performed: 0
========================================

========================================
SIMULATION METRICS
========================================
1. Route Length (Hops): 8
2. Sum of Vertex Degrees: 51
3. Avg. Alternate Routes: 0.714
Backtracks Performed: 0
========================================

========================================
SIMULATION METRICS
========================================
1. Route Length (Hops): 4
2. Sum of Vertex Degrees: 29
3. Avg. Alternate Routes: 3.000
Backtracks Performed: 0
========================================

========================================
SIMULATION METRICS
========================================
1. Route Length (Hops): 11
2. Sum of Vertex Degrees: 49
3. Avg. Alternate Routes: 1.400
Backtracks Performed: 0
========================================

========================================
SIMULATION METRICS
========================================
1. Route Length (Hops): 8
2. Sum of Vertex Degrees: 40
3. Avg. Alternate Routes: 1.571
Backtracks Performed: 0
========================================

========================================
SIMULATION METRICS
========================================
1. Route Length (Hops): 9
2. Sum of Vertex Degrees: 41
3. Avg. Alternate Routes: 1.250
Backtracks Performed: 0
========================================
